ev_id,network_code,station_code,location_code,channel_code,phase_hint,time,time_lower_error,time_upper_error,author,filter_id,method_id,polarity,evaluation_mode,evaluation_status,time_correction,azimuth,distance,takeoff_angle,time_residual,time_weight,used
texnet2024hstr,4O,SA02,00,HHZ,P,2024-04-19 21:08:32.805341,0.1,0.1,Fernando,,,negative,manual,,0.0,269.7256725733887,0.05735362722763934,136.9,0.19584889973771924,0.9626103156357997,True
texnet2024hstr,4O,SA02,00,HHN,S,2024-04-19 21:08:34.125638,0.1,0.1,Fernando,,,,manual,,0.0,269.7256725733887,0.05735362722763934,136.9,-0.08925590247568804,1.3094432407033625,True
texnet2024hstr,4O,SA06,00,HHZ,P,2024-04-19 21:08:33.402822,0.1,0.1,Fernando,,,positive,manual,,0.0,25.982739209019627,0.09415968812699832,117.2,0.2547677582940251,0.745071392226141,True
texnet2024hstr,4O,SA06,00,HHE,S,2024-04-19 21:08:35.147910,0.1,0.1,Fernando,,,,manual,,0.0,25.982739209019627,0.09415968812699832,117.2,-0.00951565540416155,1.3625479999236625,True
texnet2024hstr,4O,SA04,00,HHZ,P,2024-04-19 21:08:33.440303,0.1,0.1,Fernando,,,positive,manual,,0.0,330.26121942187814,0.09681436888002706,116.4,0.23702778071414965,0.8118378754817892,True
texnet2024hstr,4O,SA04,00,HHE,S,2024-04-19 21:08:35.150948,0.1,0.1,Fernando,,,,manual,,0.0,330.26121942187814,0.09681436888002706,116.4,-0.10318822090260937,1.2907170420044685,True
texnet2024hstr,TX,PB23,00,HHZ,P,2024-04-19 21:08:33.507601,0.1,0.1,Fernando,,,,manual,,0.0,94.72640408690934,0.10668054428913062,112.9,0.15594326524822844,1.0952527156800889,True
texnet2024hstr,TX,PB23,00,HHN,S,2024-04-19 21:08:35.350276,0.2,0.2,Fernando,,,,manual,,0.0,94.72640408690934,0.10668054428913062,112.9,-0.1635745004265008,1.1114675189064045,True
texnet2024hstr,TX,PB26,00,HHZ,P,2024-04-19 21:08:33.510256,0.1,0.1,Fernando,,,negative,manual,,0.0,147.2815027373806,0.11227893455348999,111.3,0.04652681241967738,1.3314421972043509,True
texnet2024hstr,TX,PB26,00,HHE,S,2024-04-19 21:08:35.410335,0.1,0.1,Fernando,,,,manual,,0.0,147.2815027373806,0.11227893455348999,111.3,-0.29951103874168084,0.908645188224111,True
texnet2024hstr,TX,PB33,00,HHZ,P,2024-04-19 21:08:34.775120,0.1,0.1,Fernando,,,,manual,,0.0,138.6187249062909,0.1840631527867892,98.7,0.013783843937403617,1.3571348880465088,True
texnet2024hstr,TX,PB33,00,HH2,S,2024-04-19 21:08:37.547743,0.1,0.1,Fernando,,,,manual,,0.0,138.6187249062909,0.1840631527867892,98.7,-0.433088124740344,0.6669019848339571,True
texnet2024hstr,TX,PB35,00,HHZ,P,2024-04-19 21:08:35.061043,0.1,0.1,Fernando,,,positive,manual,,0.0,265.80221330015706,0.20040934994882983,97.6,-0.05485528382237437,1.3447169353798167,True
texnet2024hstr,TX,PB35,00,HH1,S,2024-04-19 21:08:37.925513,0.2,0.2,Fernando,,,,manual,,0.0,265.80221330015706,0.20040934994882983,97.6,-0.6757507852068301,0.36839509123379055,True
texnet2024hstr,TX,PB38,00,HHZ,P,2024-04-19 21:08:35.189562,0.1,0.1,Fernando,,,,manual,,0.0,286.8259018181295,0.20339511976186792,97.4,0.014263880154748776,1.3569126398618545,True
texnet2024hstr,TX,PB38,00,HH1,S,2024-04-19 21:08:38.157360,0.2,0.2,Fernando,,,,manual,,0.0,286.8259018181295,0.20339511976186792,97.4,-0.5478710425640578,0.5345466374615263,True
texnet2024hstr,4O,SA07,00,HHZ,P,2024-04-19 21:08:35.734303,0.2,0.2,Fernando,,,,manual,,0.0,324.0832469467074,0.2404421386196323,95.6,-0.10196618454962891,1.1598074101195845,True
texnet2024hstr,4O,SA07,00,HHE,S,2024-04-19 21:08:39.178556,0.2,0.2,Fernando,,,,manual,,0.0,324.0832469467074,0.2404421386196323,95.6,-0.683527040320012,0.0,True
texnet2024hstr,TX,PB28,00,HHZ,P,2024-04-19 21:08:36.150860,0.1,0.1,Fernando,,,,manual,,0.0,269.6068069474285,0.25834732575221375,95.1,-0.043768861733910924,1.3472901531680264,True
texnet2024hstr,TX,PB28,00,HH1,S,2024-04-19 21:08:39.859173,0.2,0.2,Fernando,,,,manual,,0.0,269.6068069474285,0.25834732575221375,95.1,-0.629981246576449,0.42827482251049115,True
texnet2024hstr,TX,PB29,00,HHZ,P,2024-04-19 21:08:36.762707,0.1,0.1,Fernando,,,,manual,,0.0,287.0973846663999,0.2817096255306903,94.5,0.12166421369878577,1.183453927256825,True
texnet2024hstr,TX,PB29,00,HH1,S,2024-04-19 21:08:40.838406,0.2,0.2,Fernando,,,,manual,,0.0,287.0973846663999,0.2817096255306903,94.5,-0.4320295631949307,0.713534292801069,True
texnet2024hstr,TX,PB37,00,HHZ,P,2024-04-19 21:08:36.631226,0.1,0.1,Fernando,,,,manual,,0.0,279.75476872356273,0.2855867301096163,94.4,-0.08743548147776359,1.305193201132756,True
texnet2024hstr,4O,SA09,00,HHZ,P,2024-04-19 21:08:37.632958,0.2,0.2,Fernando,,,,manual,,0.0,342.8440310411705,0.34390252494620893,93.4,-0.13507442118308255,1.1282774113287024,True
texnet2024hstr,4O,SA09,00,HHE,S,2024-04-19 21:08:42.271219,0.2,0.2,Fernando,,,,manual,,0.0,342.8440310411705,0.34390252494620893,93.4,-0.9714620415063617,0.0,True
texnet2024hstr,TX,PECS,00,HHZ,P,2024-04-19 21:08:39.047324,0.1,0.1,Fernando,,,,manual,,0.0,137.19846062014003,0.4133403022469581,92.7,0.011598248759083774,1.3200735228675378,True
texnet2024hstr,TX,PECS,00,HH1,S,2024-04-19 21:08:44.523686,0.2,0.2,Fernando,,,,manual,,0.0,137.19846062014003,0.4133403022469581,92.7,-0.937691464299725,0.0,True
texnet2024hstr,TX,PB12,00,HHZ,P,2024-04-19 21:08:40.389380,0.1,0.1,Fernando,,,,manual,,0.0,156.23469143094326,0.5030577514773228,92.1,-0.35375421650642025,0.8198386981340634,True
texnet2024hstr,TX,PB12,00,HHE,S,2024-04-19 21:08:47.163077,0.2,0.2,Fernando,,,,manual,,0.0,156.23469143094326,0.5030577514773228,92.1,-1.2862806789444008,0.0,True
texnet2024hstr,TX,VHRN,00,HHZ,P,2024-04-19 21:08:51.149134,0.2,0.2,Fernando,,,,manual,,0.0,217.78351750454303,1.113848209142434,77.5,-0.9489325620055808,0.1718167482774391,True
texnet2024hstr,TX,PB09,00,BHN,S,2024-04-19 21:08:36.202132,0.1,0.1,Fernando,,,,manual,,0.0,319.43272158171385,0.13499071516518096,105.7,-0.24885147684638387,1.0147540839047982,True
texnet2024hstr,TX,PB09,00,BHZ,P,2024-04-19 21:08:34.038626,0.1,0.1,Fernando,,,,manual,,0.0,319.43272158171385,0.13499071516518096,105.7,0.15143583683000017,1.109012596903703,True
texnet2024hstr,TX,PB34,00,HHZ,P,2024-04-19 21:08:34.024824,0.1,0.1,Fernando,,,positive,manual,,0.0,88.40597813081675,0.1362320800682499,105.2,0.15456366545707745,1.0994942276794593,True
texnet2024hstr,TX,PB34,00,HH2,S,2024-04-19 21:08:36.263509,0.1,0.1,Fernando,,,,manual,,0.0,88.40597813081675,0.1362320800682499,105.2,-0.1578296481242205,1.1974450597221313,True
texnet2024hstr,TX,PB31,00,HH2,S,2024-04-19 21:08:36.712635,0.2,0.2,Fernando,,,,manual,,0.0,67.37538001728792,0.15447460303186852,101.9,-0.26840189097656175,0.971753875559254,True
texnet2024hstr,TX,PB31,00,HHZ,P,2024-04-19 21:08:34.373710,0.1,0.1,Fernando,,,positive,manual,,0.0,67.37538001728792,0.15447460303186852,101.9,0.18366598633703912,1.0049347055968136,True
texnet2024hstr,TX,PB24,00,HHZ,P,2024-04-19 21:08:34.456535,0.1,0.1,Fernando,,,,manual,,0.0,109.18901794505439,0.1619986081851589,101.0,0.10664936954472459,1.228575036544537,True
texnet2024hstr,TX,PB24,00,HHN,S,2024-04-19 21:08:37.062766,0.2,0.2,Fernando,,,,manual,,0.0,109.18901794505439,0.1619986081851589,101.0,-0.1979902652537957,1.067206791220961,True
texnet2024hstr,4O,WB03,00,HHN,S,2024-04-19 21:08:38.454983,0.2,0.2,Fernando,,,,manual,,0.0,107.805369541548,0.2044615494049749,97.3,-0.18634734581093682,1.0754186779991446,True
texnet2024hstr,4O,WB03,00,HHZ,P,2024-04-19 21:08:35.230608,0.2,0.2,Fernando,,,,manual,,0.0,107.805369541548,0.2044615494049749,97.3,0.09189464920782253,1.0803811207888108,True
texnet2024hstr,4O,CV01,,HHZ,P,2024-04-19 21:08:35.131075,0.1,0.1,Fernando,,,positive,manual,,0.0,27.719463894867857,0.2009445167356348,97.5,0.06044774778134432,1.3139803942329527,True
texnet2024hstr,4O,CV01,,HHN,S,2024-04-19 21:08:38.096498,0.2,0.2,Fernando,,,,manual,,0.0,27.719463894867857,0.2009445167356348,97.5,-0.4255742670681322,0.7208260506891099,True
texnet2024hstr,TX,PB57,00,CHN,S,2024-04-19 21:08:38.855321,0.2,0.2,Fernando,,,,manual,,0.0,64.13273958742921,0.22037019917922,96.4,-0.2756391918094412,0.9572694158949583,True
texnet2024hstr,TX,PB57,00,CHZ,P,2024-04-19 21:08:35.547413,0.1,0.1,Fernando,,,negative,manual,,0.0,64.13273958742921,0.22037019917922,96.4,0.1288834699729895,1.1733341567715432,True
texnet2024hstr,4O,WB02,00,HHZ,P,2024-04-19 21:08:35.384272,0.2,0.2,Fernando,,,,manual,,0.0,73.66867106959121,0.22456455461279773,96.3,-0.11571239639136088,1.1527720855425305,True
texnet2024hstr,4O,WB02,00,HHN,S,2024-04-19 21:08:38.976193,0.2,0.2,Fernando,,,,manual,,0.0,73.66867106959121,0.22456455461279773,96.3,-0.2972879016039798,0.9247242757250262,True
texnet2024hstr,TX,PB58,00,CHN,S,2024-04-19 21:08:39.041444,0.2,0.2,Fernando,,,,manual,,0.0,83.28991775980437,0.22738391476783176,96.1,-0.3093854726837151,0.9061494818168299,True
texnet2024hstr,TX,PB58,00,CHZ,P,2024-04-19 21:08:35.650003,0.2,0.2,Fernando,,,,manual,,0.0,83.28991775980437,0.22738391476783176,96.1,0.10586294694329723,1.0592832364211697,True
texnet2024hstr,4O,CT01,,HHZ,P,2024-04-19 21:08:35.718038,0.1,0.1,Fernando,,,,manual,,0.0,11.38310808310458,0.2353107113102297,95.8,0.002754592500592068,1.3590284900825218,True
texnet2024hstr,4O,CT01,,HHE,S,2024-04-19 21:08:39.627384,0.2,0.2,Fernando,,,,manual,,0.0,11.38310808310458,0.2353107113102297,95.8,-0.02293666778398773,1.1471987760138427,True
texnet2024hstr,4O,WB04,00,HHE,S,2024-04-19 21:08:39.420035,0.2,0.2,Fernando,,,,manual,,0.0,124.206603782469,0.2541331456111131,95.2,-0.8340042316706988,0.2158612203569319,True
texnet2024hstr,4O,WB04,00,HHZ,P,2024-04-19 21:08:36.062007,0.2,0.2,Fernando,,,,manual,,0.0,124.206603782469,0.2541331456111131,95.2,0.0017598604451656286,1.163822680592549,True
texnet2024hstr,TX,PB55,00,CHZ,P,2024-04-19 21:08:36.182641,0.2,0.2,Fernando,,,,manual,,0.0,59.65340250680492,0.25671460201603624,95.1,0.08535056155743082,1.0864267943676966,True
texnet2024hstr,TX,PB55,00,CHN,S,2024-04-19 21:08:39.941627,0.2,0.2,Fernando,,,,manual,,0.0,59.65340250680492,0.25671460201603624,95.1,-0.3771733731204794,0.799306020348524,True
texnet2024hstr,TX,PB37,00,HH1,S,2024-04-19 21:08:40.869438,0.2,0.2,Fernando,,,,manual,,0.0,279.75476872356273,0.2855867301096163,94.4,-0.5368360545437305,0.5561232161485754,True
texnet2024hstr,TX,PB43,00,HH1,S,2024-04-19 21:08:40.904925,0.2,0.2,Fernando,,,,manual,,0.0,88.6727329194349,0.2835800313364827,94.4,-0.2880479238981639,0.934818501503548,True
texnet2024hstr,TX,PB43,00,HHZ,P,2024-04-19 21:08:36.176957,0.2,0.2,Fernando,,,,manual,,0.0,88.6727329194349,0.2835800313364827,94.4,-0.419855882485475,0.7282819153965843,True
texnet2024hstr,4O,CT02,,HHZ,P,2024-04-19 21:08:36.686265,0.2,0.2,Fernando,,,,manual,,0.0,12.949994907458345,0.2920729292773117,94.3,-0.08271421218680164,1.1640143320714726,True
texnet2024hstr,TX,PB11,00,HHZ,P,2024-04-19 21:08:36.749041,0.1,0.1,Fernando,,,positive,manual,,0.0,28.11107090359694,0.2980211965858404,94.1,-0.12286684427386163,1.2558574876455249,True
texnet2024hstr,TX,PB11,00,HH2,S,2024-04-19 21:08:41.109465,0.2,0.2,Fernando,,,,manual,,0.0,28.11107090359694,0.2980211965858404,94.1,-0.5650127443405815,0.5171301444721528,True
texnet2024hstr,TX,PB56,00,CHN,S,2024-04-19 21:08:41.489250,0.2,0.2,Fernando,,,,manual,,0.0,65.02879814035761,0.3079844569526535,93.9,-0.4929271468701852,0.6215887582430861,True
texnet2024hstr,TX,PB56,00,CHZ,P,2024-04-19 21:08:37.178946,0.1,0.1,Fernando,,,negative,manual,,0.0,65.02879814035761,0.3079844569526535,93.9,0.13120398891027474,1.1556422072688355,True
texnet2024hstr,TX,PB44,00,HHZ,P,2024-04-19 21:08:36.959495,0.1,0.1,Fernando,,,positive,manual,,0.0,35.71367284603534,0.30911923383591516,93.9,-0.1157777619083138,1.2656910307456297,True
texnet2024hstr,TX,PB13,01,HHZ,P,2024-04-19 21:08:37.559829,0.2,0.2,Fernando,,,,manual,,0.0,111.7431360149497,0.3223566466021903,93.7,0.22200998026932872,0.8251876129812592,True
texnet2024hstr,4O,BP01,,HHZ,P,2024-04-19 21:08:38.133197,0.2,0.2,Fernando,,,,manual,,0.0,62.2421560475571,0.35977326471787224,93.2,0.12773351983130432,1.0115016883433914,True
texnet2024hrwo,TX,PB35,00,HH1,P,2024-04-19 09:27:39.098638,0.2,0.2,Victor,,,negative,manual,,0.0,219.35440658222467,0.02045962125226486,160.8,0.16228528997442648,1.0520168345430596,True
texnet2024hrwo,TX,PB35,00,HH2,S,2024-04-19 09:27:40.142262,0.2,0.2,Victor,,,,manual,,0.0,219.35440658222467,0.02045962125226486,160.8,-0.1161081011173506,1.1293475947998555,True
texnet2024hrwo,TX,PB38,00,HH2,P,2024-04-19 09:27:39.558765,0.2,0.2,Victor,,,positive,manual,,0.0,352.3148318619864,0.05824860680095405,135.1,0.2379261249135496,0.9107266380168256,True
texnet2024hrwo,TX,PB38,00,HH2,S,2024-04-19 09:27:40.799016,0.2,0.2,Victor,,,,manual,,0.0,352.3148318619864,0.05824860680095405,135.1,-0.1321400667873065,1.110261115148641,True
texnet2024hrwo,TX,PB28,00,HH1,P,2024-04-19 09:27:39.745685,0.2,0.2,Victor,,,negative,manual,,0.0,267.65699999712035,0.0715030674846557,125.9,0.2440251661826087,0.8979819269531354,True
texnet2024hrwo,TX,PB28,00,HH1,S,2024-04-19 09:27:41.109353,0.2,0.2,Victor,,,,manual,,0.0,267.65699999712035,0.0715030674846557,125.9,-0.1382570237497358,1.1024130670163674,True
texnet2024hrwo,TX,PB37,00,HH2,P,2024-04-19 09:27:40.261840,0.2,0.2,Victor,,,positive,manual,,0.0,296.5443265056453,0.10570190899943266,111.8,0.17956271970099946,1.0229399910212431,True
texnet2024hrwo,TX,PB29,00,HH2,P,2024-04-19 09:27:40.434477,0.2,0.2,Victor,,,positive,manual,,0.0,314.75881830723023,0.11599012448206068,108.6,0.17509728546818026,1.030660819228436,True
texnet2024hrwo,TX,PB29,00,HH2,S,2024-04-19 09:27:42.411058,0.2,0.2,Victor,,,,manual,,0.0,314.75881830723023,0.11599012448206068,108.6,-0.1626375149383943,1.067067071620809,True
texnet2024hrwo,4O,SA02,00,HHE,P,2024-04-19 09:27:40.522794,0.2,0.2,Victor,,,,manual,,0.0,90.63017295012865,0.12955281791041592,104.8,0.04518194463761072,1.181166772965996,True
texnet2024hrwo,TX,PB09,00,BHN,P,2024-04-19 09:27:40.782351,0.2,0.2,Victor,,,positive,manual,,0.0,44.34665311420056,0.14178588660250704,102.3,0.077747837107915,1.158459254752995,True
texnet2024hrwo,4O,SA07,00,HHE,P,2024-04-19 09:27:41.770315,0.2,0.2,Victor,,,,manual,,0.0,13.326012418487293,0.19893305075690587,96.4,0.010850383233124816,1.1930190285296878,True
texnet2024hrwo,4O,SA06,00,HHE,P,2024-04-19 09:27:42.562359,0.2,0.2,Victor,,,,manual,,0.0,69.89966169532353,0.24294668768932065,94.6,-0.008720909418965306,1.1922211191313188,True
texnet2024hrwo,TX,PB26,00,HHN,P,2024-04-19 09:27:43.037580,0.2,0.2,Victor,,,,manual,,0.0,111.11593189267263,0.2654072550168765,94.0,0.04143599887648719,1.179060502303264,True
texnet2024hrwo,TX,PB23,00,HHN,P,2024-04-19 09:27:43.683626,0.2,0.2,Victor,,,,manual,,0.0,91.9416798614154,0.2933841827751422,93.5,0.17645683874398177,1.0241786623066231,True
texnet2024hrwo,4O,CT01,,HHN,P,2024-04-19 09:27:44.108033,0.2,0.2,Victor,,,positive,manual,,0.0,45.47149021621094,0.3273114201167509,93.0,-0.0333879563004853,1.179164418399805,True
texnet2024hrwo,4O,SA09,00,HHE,P,2024-04-19 09:27:44.177608,0.2,0.2,Victor,,,positive,manual,,0.0,14.62641958472157,0.3384175821886761,92.9,-0.18950252798362044,1.0196394391100836,True
texnet2024hrwo,TX,PB44,00,HHN,P,2024-04-19 09:27:46.362261,0.2,0.2,Victor,,,positive,manual,,0.0,55.77950006966271,0.4442505862628654,92.0,0.04785684951735547,1.154137896933807,True
texnet2024hrwo,GM,NMP11,01,HHN,P,2024-04-19 09:27:47.889765,0.2,0.2,Victor,,,,manual,,0.0,51.2650756722058,0.5316426679403062,91.6,-0.06378199876957069,1.137911245265882,True
texnet2024hrwo,SC,GDL2,00,HHE,P,2024-04-19 09:27:47.729743,0.2,0.2,Victor,,,positive,manual,,0.0,5.322135467930258,0.5312335894739181,91.6,-0.2912128117090429,0.830134519862416,True
texnet2024hrwo,TX,VHRN,00,HH1,P,2024-04-19 09:27:56.207114,0.2,0.2,Victor,,,,manual,,0.0,209.3435982120879,1.011199691465374,77.5,-0.7227427976124972,0.2334103623395104,True
texnet2024hrwo,TX,PECS,00,HH1,P,2024-04-19 09:27:48.303402,0.2,0.2,Victor,,,,manual,,0.0,123.05722920666815,0.5580861279621665,91.5,-0.15397675378632414,1.0512056878423763,True
texnet2024hrwo,TX,PB12,00,HHE,P,2024-04-19 09:27:49.173089,0.2,0.2,Victor,,,,manual,,0.0,139.83004772981855,0.6040176158020583,91.4,-0.1698695337924505,1.025088615430223,True
texnet2024hrwo,TX,PB01,00,HH2,P,2024-04-19 09:27:54.111840,0.2,0.2,Victor,,,,manual,,0.0,143.5650859024289,0.9096917138258869,77.5,-0.8787263204426559,0.11778741647763818,True
texnet2024hrwl,TX,PB35,00,HHZ,P,2024-04-19 09:23:14.804978,0.1,0.1,Kate,,,negative,manual,,0.0,222.8629270891713,0.02817429503827274,152.4,0.1231268870283997,1.1055080794449708,True
texnet2024hrwl,TX,PB35,00,HH1,S,2024-04-19 09:23:15.796241,0.1,0.1,Kate,,,,manual,,0.0,222.8629270891713,0.02817429503827274,152.4,-0.09612412902471101,1.287071272460797,True
texnet2024hrwl,TX,PB28,00,HHZ,P,2024-04-19 09:23:15.436161,0.1,0.1,Kate,,,negative,manual,,0.0,264.29614092789,0.07802129479889368,120.3,0.05384313287999509,1.3125002800780703,True
texnet2024hrwl,TX,PB28,00,HH1,S,2024-04-19 09:23:16.806672,0.1,0.1,Kate,,,,manual,,0.0,264.29614092789,0.07802129479889368,120.3,-0.3116244379975539,0.6552056428450477,True
texnet2024hrwl,TX,PB37,00,HHZ,P,2024-04-19 09:23:15.928516,0.1,0.1,Kate,,,positive,manual,,0.0,292.82608966454734,0.10931206473010356,111.8,-0.03662284792415749,1.3756234345861367,True
texnet2024hrwl,TX,PB37,00,HH1,S,2024-04-19 09:23:17.537533,0.1,0.1,Kate,,,,manual,,0.0,292.82608966454734,0.10931206473010356,111.8,-0.6007844326986786,0.0,True
texnet2024hrwl,4O,SA02,00,HHZ,P,2024-04-19 09:23:16.233507,0.1,0.1,Kate,,,negative,manual,,0.0,92.9033276830273,0.12351180840346784,109.1,0.03097145542110269,1.352728300251139,True
texnet2024hrwl,4O,SA02,00,HHN,S,2024-04-19 09:23:18.246433,0.1,0.1,Kate,,,,manual,,0.0,92.9033276830273,0.12351180840346784,109.1,-0.3073670099024506,0.6701343110557516,True
texnet2024hrwl,4O,SA07,00,HHZ,P,2024-04-19 09:23:17.458766,0.1,0.1,Kate,,,positive,manual,,0.0,11.86678966972458,0.1928674215757521,91.9,-0.08514566168998527,1.3097108913143545,True
texnet2024hrwl,4O,SA07,00,HHN,S,2024-04-19 09:23:20.381885,0.1,0.1,Kate,,,,manual,,0.0,11.86678966972458,0.1928674215757521,91.9,-0.5193779721356266,0.0,True
texnet2024hrwl,4O,SA06,00,HHZ,P,2024-04-19 09:23:18.342703,0.1,0.1,Kate,,,,manual,,0.0,70.48580492108476,0.2354841340793022,72.4,-0.004306261394830813,1.379009344861273,True
texnet2024hrwl,4O,SA06,00,HHN,S,2024-04-19 09:23:21.171701,0.1,0.1,Kate,,,,manual,,0.0,70.48580492108476,0.2354841340793022,72.4,-1.1350733035325415,0.0,True
texnet2024hrwl,TX,PB34,00,HHZ,P,2024-04-19 09:23:19.907177,0.1,0.1,Kate,,,,manual,,0.0,90.3962858891356,0.3168931816877508,69.0,0.04824269850963425,1.2996296076299767,True
texnet2024hrwl,TX,PB34,00,HH1,S,2024-04-19 09:23:24.394995,0.1,0.1,Kate,,,,manual,,0.0,90.3962858891356,0.3168931816877508,69.0,-0.5577289595275694,0.0,True
texnet2024hrwl,TX,PECS,00,HHZ,P,2024-04-19 09:23:23.923897,0.1,0.1,Kate,,,positive,manual,,0.0,123.82313103408737,0.5555815927599479,69.0,-0.40789187574390695,0.0,True
texnet2024hrwl,TX,PECS,00,HH1,S,2024-04-19 09:23:31.436654,0.1,0.1,Kate,,,,manual,,0.0,123.82313103408737,0.5555815927599479,69.0,-1.34386788831182,0.0,True
texnet2024hrwl,TX,PB12,00,HHZ,P,2024-04-19 09:23:24.593351,0.1,0.1,Kate,,,,manual,,0.0,140.57478918540636,0.603766237110434,69.0,-0.6664442994729747,0.15616776049382755,True
texnet2024hrwl,TX,PB10,00,HHZ,P,2024-04-19 09:23:26.378561,0.2,0.2,Kate,,,,manual,,0.0,125.42069978669733,0.6840691314336151,69.0,-0.3549397368911311,0.0,True
texnet2024hrwl,4O,LWM1,0K,HHZ,P,2024-04-19 09:23:28.709251,0.2,0.2,Kate,,,,manual,,0.0,124.06920388470859,0.8016087710235505,66.1,-0.21463845758716005,0.0,True
texnet2024hrwl,4O,LWM2,0K,HHZ,P,2024-04-19 09:23:28.808429,0.2,0.2,Kate,,,,manual,,0.0,120.2781864074015,0.8138249659116045,65.9,-0.3361845050414054,0.0,True
texnet2024hrwl,TX,PCOS,00,HHZ,P,2024-04-19 09:23:29.304321,0.2,0.2,Kate,,,,manual,,0.0,109.48150761061952,0.813087654562491,65.9,0.1785825310436593,0.0,True
texnet2024hrwl,TX,PB03,00,HHZ,P,2024-04-19 09:23:31.411860,0.2,0.2,Kate,,,,manual,,0.0,128.0082809325505,0.9689117724536791,65.7,-0.5921801056591676,0.0,True
texnet2024hrwl,TX,VHRN,00,HHZ,P,2024-04-19 09:23:31.858162,0.2,0.2,Kate,,,,manual,,0.0,209.51404978567288,1.0184496918126154,65.7,-1.1640888315653086,0.043362623468591016,True
texnet2024hrwl,TX,PB38,00,HHZ,P,2024-04-19 09:23:15.263544,0.1,0.1,Kate,,,positive,manual,,0.0,345.19392190830496,0.05471089427539872,132.3,0.2534036570734044,0.5690417624940394,True
texnet2024hrwl,TX,PB38,00,HH1,S,2024-04-19 09:23:16.511308,0.1,0.1,Kate,,,,manual,,0.0,345.19392190830496,0.05471089427539872,132.3,0.044385213351900266,1.331060507397003,True
texnet2024hrwl,TX,PB29,00,HHZ,P,2024-04-19 09:23:16.118725,0.1,0.1,Kate,,,positive,manual,,0.0,310.94903480549,0.11724410222833198,110.2,0.009085128081376848,1.375953489901441,True
texnet2024hrwl,TX,PB29,00,HH1,S,2024-04-19 09:23:18.086642,0.1,0.1,Kate,,,,manual,,0.0,310.94903480549,0.11724410222833198,110.2,-0.3045569817904141,0.6770050109824615,True
texnet2024hrwl,TX,PB09,00,BHZ,P,2024-04-19 09:23:16.503807,0.1,0.1,Kate,,,positive,manual,,0.0,43.897329090254345,0.1340071658713167,107.2,0.09763534722113665,1.1944610105449622,True
texnet2024hrwl,TX,PB09,00,BHN,S,2024-04-19 09:23:18.744282,0.1,0.1,Kate,,,,manual,,0.0,43.897329090254345,0.1340071658713167,107.2,-0.165945591974082,1.0995116663354503,True
texnet2024hrwl,TX,PB26,00,HHZ,P,2024-04-19 09:23:18.779046,0.1,0.1,Kate,,,,manual,,0.0,112.5925072044076,0.26145855604130097,69.1,-0.0601276357410292,1.343166914155015,True
texnet2024hrwl,TX,PB26,00,HHN,S,2024-04-19 09:23:22.399455,0.1,0.1,Kate,,,,manual,,0.0,112.5925072044076,0.26145855604130097,69.1,-0.7686229833768898,0.0,True
texnet2024hrwl,TX,PB23,00,HHZ,P,2024-04-19 09:23:19.258466,0.2,0.2,Kate,,,,manual,,0.0,92.94611533523494,0.28740387779150084,69.0,-0.05453347038041123,1.1080249397255204,True
texnet2024hrwl,TX,PB23,00,HHN,S,2024-04-19 09:23:23.501985,0.2,0.2,Kate,,,,manual,,0.0,92.94611533523494,0.28740387779150084,69.0,-0.4953213940762176,0.41505626365362347,True
texnet2024hrwl,TX,PB20,00,HHZ,P,2024-04-19 09:23:19.548818,0.2,0.2,Kate,"smi:org.gfz-potsdam.de/geofon/RMHP(10)_>>_BW(2,3,12)",,,manual,,0.0,99.72317943065636,0.30052377475469944,69.0,-0.014588238763552752,1.1065487522844792,True
texnet2024hrwl,TX,PB20,00,HHN,S,2024-04-19 09:23:23.753549,0.2,0.2,Kate,"smi:org.gfz-potsdam.de/geofon/RMHP(10)_>>_BW(2,3,12)",,,manual,,0.0,99.72317943065636,0.30052377475469944,69.0,-0.6820343587009976,0.0,True
texnet2024hrwl,TX,PB25,00,HHZ,P,2024-04-19 09:23:19.716453,0.2,0.2,Kate,"smi:org.gfz-potsdam.de/geofon/RMHP(10)_>>_BW(2,3,12)",,,manual,,0.0,108.34443646718562,0.30430092534288194,69.0,0.07858778110982456,1.026534012682104,True
texnet2024hrwl,TX,PB25,00,HHN,S,2024-04-19 09:23:23.595736,0.2,0.2,Kate,"smi:org.gfz-potsdam.de/geofon/RMHP(10)_>>_BW(2,3,12)",,,manual,,0.0,108.34443646718562,0.30430092534288194,69.0,-0.9700810684594394,0.0,True
texnet2024hrwl,4O,CT01,,HHZ,P,2024-04-19 09:23:19.740408,0.2,0.2,Kate,"smi:org.gfz-potsdam.de/geofon/RMHP(10)_>>_BW(2,3,12)",,,manual,,0.0,45.31047332885428,0.3195107101478288,69.0,-0.17337516590729862,0.0,True
texnet2024hrwl,4O,CT01,,HHN,S,2024-04-19 09:23:24.454276,0.2,0.2,Kate,"smi:org.gfz-potsdam.de/geofon/RMHP(10)_>>_BW(2,3,12)",,,manual,,0.0,45.31047332885428,0.3195107101478288,69.0,-0.5945404729500261,0.0,True
texnet2024hrwl,4O,CV01,,HHZ,P,2024-04-19 09:23:20.015788,0.2,0.2,Kate,,,,manual,,0.0,57.91308541068475,0.32360733580036505,69.0,0.02746047897648296,1.080933770077444,True
texnet2024hrwl,4O,CV01,,HHN,S,2024-04-19 09:23:24.421878,0.2,0.2,Kate,,,,manual,,0.0,57.91308541068475,0.32360733580036505,69.0,-0.7572580522334,0.0,True
texnet2024hrwl,TX,PB31,00,HHZ,P,2024-04-19 09:23:20.064384,0.1,0.1,Kate,,,,manual,,0.0,80.61329914534954,0.3276808827879785,69.0,0.017010620166514556,1.3399830833571706,True
texnet2024hrwl,TX,PB31,00,HH1,S,2024-04-19 09:23:22.877455,0.2,0.2,Kate,,,,manual,,0.0,80.61329914534954,0.3276808827879785,69.0,-2.4050010648145204,0.0,True
texnet2024hrwl,4O,SA09,00,HHZ,P,2024-04-19 09:23:19.843310,0.2,0.2,Kate,"smi:org.gfz-potsdam.de/geofon/RMHP(10)_>>_BW(2,3,12)",,,manual,,0.0,13.80353203385863,0.332213784143649,69.0,-0.32640678949003377,0.0,True
texnet2024hrwl,TX,PB33,00,HHZ,P,2024-04-19 09:23:20.071428,0.2,0.2,Kate,"smi:org.gfz-potsdam.de/geofon/RMHP(10)_>>_BW(2,3,12)",,,manual,,0.0,115.47824261807985,0.3349595060775105,69.0,-0.13544681476403309,1.041326502666775,True
texnet2024hrwl,TX,PB24,00,HHZ,P,2024-04-19 09:23:20.275996,0.2,0.2,Kate,"smi:org.gfz-potsdam.de/geofon/RMHP(10)_>>_BW(2,3,12)",,,manual,,0.0,100.06442396334965,0.3389194403834853,69.0,-0.0032996994130432,1.0969027850344757,True
texnet2024hrwl,4O,CT02,,HHZ,P,2024-04-19 09:23:20.723139,0.2,0.2,Kate,,,,manual,,0.0,41.456119131356836,0.3718168525470712,69.0,-0.16401057573762756,1.0003671023574898,True
texnet2024hrwl,TX,PB11,00,HHZ,P,2024-04-19 09:23:21.465586,0.2,0.2,Kate,,,,manual,,0.0,51.34224340472245,0.4112334323614487,69.0,-0.15377456591377126,0.0,True
texnet2024hrwl,SC,GDL2,00,HHZ,P,2024-04-19 09:23:23.321704,0.2,0.2,Kate,,,,manual,,0.0,4.69925375015443,0.5258800586192792,69.0,-0.5198279035485491,0.0,True
texnet2024hrwl,US,MNTX,00,BHZ,P,2024-04-19 09:23:28.543362,0.2,0.2,Kate,,,,manual,,0.0,272.18694958708295,0.8286219058103378,65.8,-0.7793412101787389,0.16352124667527415,True
texnet2024hrwl,4O,WB04,00,HHZ,P,2024-04-19 09:23:21.756447,0.2,0.2,Kate,"smi:org.gfz-potsdam.de/geofon/RMHP(10)_>>_BW(2,3,12)",,,manual,,0.0,110.84723627852222,0.4182608118779431,69.0,-0.005794368911042014,1.0839496311853276,True
texnet2024hrlf,4O,SA02,00,HHZ,P,2024-04-19 03:43:02.097000,0.1,0.1,Anestis,,,negative,manual,,0.0,158.00561403692083,0.04892585110992653,137.9,0.1857962235392796,0.998998679727162,True
texnet2024hrlf,4O,SA02,00,HHZ,S,2024-04-19 03:43:03.287000,0.1,0.1,Anestis,,,,manual,,0.0,158.00561403692083,0.04892585110992653,137.9,-0.04872527806842175,1.3698737510415615,True
texnet2024hrlf,4O,SA04,00,HHZ,P,2024-04-19 03:43:02.071000,0.1,0.1,Anestis,,,,manual,,0.0,35.35633397062036,0.04778635838031646,138.6,0.183495901970105,1.0081062592951977,True
texnet2024hrlf,4O,SA04,00,HHZ,S,2024-04-19 03:43:03.211000,0.1,0.1,Anestis,,,,manual,,0.0,35.35633397062036,0.04778635838031646,138.6,-0.08324998851762189,1.3058024900227287,True
texnet2024hrlf,TX,PB38,00,HHZ,P,2024-04-19 03:43:03.200000,0.1,0.1,Anestis,,,,manual,,0.0,276.6072097710971,0.1198067676276361,105.4,0.06695768096810273,1.356834769040453,True
texnet2024hrlf,TX,PB38,00,HHZ,S,2024-04-19 03:43:05.320000,0.1,0.1,Anestis,,,,manual,,0.0,276.6072097710971,0.1198067676276361,105.4,-0.15403414173312502,1.111596850833382,True
texnet2024hrlf,4O,SA06,00,HHZ,P,2024-04-19 03:43:03.187000,0.1,0.1,Anestis,,,,manual,,0.0,71.31132229782266,0.12343620939803962,104.2,0.029907850040309825,1.4017747707745263,True
texnet2024hrlf,4O,SA06,00,HHZ,S,2024-04-19 03:43:05.177000,0.2,0.2,Anestis,,,,manual,,0.0,71.31132229782266,0.12343620939803962,104.2,-0.3391288136752735,0.7302750041425278,True
texnet2024hrlf,TX,PB35,00,HH1,P,2024-04-19 03:43:03.484763,0.2,0.2,Anestis,"smi:org.gfz-potsdam.de/geofon/RMHP(10)_>>_BW(2,2,8)",,,manual,,0.0,244.30403930561226,0.13782509740463092,100.8,0.017444287669985403,1.1760886516601206,True
texnet2024hrlf,TX,PB35,00,HHZ,S,2024-04-19 03:43:05.620000,0.2,0.2,Anestis,,,,manual,,0.0,244.30403930561226,0.13782509740463092,100.8,-0.4389337627045755,0.5583115488637175,True
texnet2024hrlf,4O,SA07,00,HHZ,P,2024-04-19 03:43:03.855000,0.1,0.1,Anestis,,,positive,manual,,0.0,336.40175762768416,0.16329172924431387,92.5,-0.0628749926564014,1.3468385671063647,True
texnet2024hrlf,4O,SA07,00,HHZ,S,2024-04-19 03:43:06.455000,0.2,0.2,Anestis,,,,manual,,0.0,336.40175762768416,0.16329172924431387,92.5,-0.39255456274398437,0.0,True
texnet2024hrlf,TX,PB28,00,HHZ,P,2024-04-19 03:43:04.500000,0.1,0.1,Anestis,,,,manual,,0.0,255.61088613388665,0.18858046597701106,83.9,0.08401427476340295,1.323787827185154,True
texnet2024hrlf,TX,PB28,00,HHZ,S,2024-04-19 03:43:07.160000,0.2,0.2,Anestis,,,,manual,,0.0,255.61088613388665,0.18858046597701106,83.9,-0.5592867534049812,0.0,True
texnet2024hrlf,TX,PB23,00,HHZ,P,2024-04-19 03:43:04.361000,0.1,0.1,Anestis,,,,manual,,0.0,106.49176238126566,0.18980262451060792,83.5,-0.03248893556605115,0.0,True
texnet2024hrlf,TX,PB23,00,HHZ,S,2024-04-19 03:43:07.301000,0.2,0.2,Anestis,,,,manual,,0.0,106.49176238126566,0.18980262451060792,83.5,-0.3789213616246565,0.6636401696147523,True
texnet2024hrlf,TX,PB26,00,HHN,P,2024-04-19 03:43:04.450224,0.1,0.1,Anestis,"smi:org.gfz-potsdam.de/geofon/RMHP(10)_>>_BW(2,2,8)",,,manual,,0.0,135.66243246625592,0.19511750301204842,83.0,-0.05691678355649454,1.3571146022736478,True
texnet2024hrlf,TX,PB26,00,HHN,S,2024-04-19 03:43:07.346610,0.2,0.2,Anestis,"smi:org.gfz-potsdam.de/geofon/RMHP(10)_>>_BW(2,2,8)",,,manual,,0.0,135.66243246625592,0.19511750301204842,83.0,-0.5321777847577245,0.0,True
texnet2024hrlf,TX,PB29,00,HHZ,P,2024-04-19 03:43:04.550000,0.1,0.1,Anestis,,,,manual,,0.0,281.0292146755893,0.1972262165446843,83.0,-0.037138793642290224,0.0,True
texnet2024hrlf,TX,PB37,00,HHZ,P,2024-04-19 03:43:04.800000,0.1,0.1,Anestis,,,,manual,,0.0,270.9178917516798,0.20580764410768151,82.7,0.04670663970508393,0.0,True
texnet2024hrlf,TX,PB37,00,HHZ,S,2024-04-19 03:43:07.840000,0.2,0.2,Anestis,,,,manual,,0.0,270.9178917516798,0.20580764410768151,82.7,-0.4696007964301625,0.0,True
texnet2024hrlf,TX,PB20,00,HHZ,P,2024-04-19 03:43:04.813000,0.1,0.1,Anestis,,,,manual,,0.0,115.1761641043116,0.2112443999104385,82.6,0.012746250946697124,0.0,True
texnet2024hrlf,TX,PB20,00,HHZ,S,2024-04-19 03:43:08.043000,0.2,0.2,Anestis,,,,manual,,0.0,115.1761641043116,0.2112443999104385,82.6,-0.34879091291304043,0.0,True
texnet2024hrlf,4O,CV01,,HHN,S,2024-04-19 03:43:07.866474,0.2,0.2,Anestis,"smi:org.gfz-potsdam.de/geofon/RMHP(10)_>>_BW(2,2,8)",,positive,manual,,0.0,51.86505284971288,0.21504358723682465,82.5,-0.6346676906198869,0.31069668075953216,True
texnet2024hrlf,4O,CV01,,HHN,P,2024-04-19 03:43:04.765856,0.1,0.1,Anestis,"smi:org.gfz-potsdam.de/geofon/RMHP(10)_>>_BW(2,2,8)",,positive,manual,,0.0,51.86505284971288,0.21504358723682465,82.5,-0.09689359509351547,0.0,True
texnet2024hrlf,TX,PB31,00,HH2,P,2024-04-19 03:43:04.942239,0.1,0.1,Anestis,"smi:org.gfz-potsdam.de/geofon/RMHP(10)_>>_BW(2,2,8)",,,manual,,0.0,86.24243386177034,0.2187336980028588,82.5,0.02767368526968017,0.0,True
texnet2024hrlf,TX,PB25,00,HHN,P,2024-04-19 03:43:05.127904,0.1,0.1,Anestis,"smi:org.gfz-potsdam.de/geofon/RMHP(10)_>>_BW(2,2,8)",,,manual,,0.0,126.27196207394212,0.2279868679837408,82.4,0.00961709423395174,1.4090846894164675,True
texnet2024hrlf,TX,PB25,00,HHN,S,2024-04-19 03:43:08.469888,0.2,0.2,Anestis,"smi:org.gfz-potsdam.de/geofon/RMHP(10)_>>_BW(2,2,8)",,,manual,,0.0,126.27196207394212,0.2279868679837408,82.4,-0.4785652978801682,0.0,True
texnet2024hrlf,4O,CT01,,HHN,P,2024-04-19 03:43:04.858689,0.1,0.1,Anestis,"smi:org.gfz-potsdam.de/geofon/RMHP(10)_>>_BW(2,2,8)",,positive,manual,,0.0,33.344939636290285,0.22216517025957724,82.4,-0.1404274940225667,0.0,True
texnet2024hrlf,4O,CT01,,HHZ,S,2024-04-19 03:43:08.423471,0.2,0.2,Anestis,"smi:org.gfz-potsdam.de/geofon/RMHP(10)_>>_BW(2,2,8)",,,manual,,0.0,33.344939636290285,0.22216517025957724,82.4,-0.316262786549661,0.0,True
texnet2024hrlf,TX,PB24,00,HHE,P,2024-04-19 03:43:05.582786,0.1,0.1,Anestis,"smi:org.gfz-potsdam.de/geofon/RMHP(10)_>>_BW(2,2,8)",,,manual,,0.0,113.269206305065,0.2489219380430191,82.2,0.08021696948796198,0.0,True
texnet2024hrlf,TX,PB24,00,HHN,S,2024-04-19 03:43:09.258967,0.2,0.2,Anestis,"smi:org.gfz-potsdam.de/geofon/RMHP(10)_>>_BW(2,2,8)",,,manual,,0.0,113.269206305065,0.2489219380430191,82.2,-0.36184645289331385,0.0,True
texnet2024hrlf,TX,PB33,00,HH1,P,2024-04-19 03:43:05.842718,0.1,0.1,Anestis,"smi:org.gfz-potsdam.de/geofon/RMHP(10)_>>_BW(2,2,8)",,,manual,,0.0,132.86959398370573,0.2692773920584327,82.1,-0.04434300423464599,0.0,True
texnet2024hrlf,TX,PB33,00,HH1,S,2024-04-19 03:43:09.713848,0.2,0.2,Anestis,"smi:org.gfz-potsdam.de/geofon/RMHP(10)_>>_BW(2,2,8)",,,manual,,0.0,132.86959398370573,0.2692773920584327,82.1,-0.5799562032415295,0.0,True
texnet2024hrlf,TX,PB09,00,BHN,P,2024-04-19 03:43:02.202926,0.1,0.1,Anestis,"smi:org.gfz-potsdam.de/geofon/RMHP(10)_>>_BW(2,2,8)",,positive,manual,,0.0,348.09432720820536,0.058717373794801,130.1,0.1526925952938023,1.1240592238406775,True
texnet2024hrlf,TX,PB09,00,BHN,S,2024-04-19 03:43:03.389486,0.2,0.2,Anestis,"smi:org.gfz-potsdam.de/geofon/RMHP(10)_>>_BW(2,2,8)",,,manual,,0.0,348.09432720820536,0.058717373794801,130.1,-0.18959236558174553,1.0094514844575475,True
texnet2024hrlf,TX,PB34,00,HH1,P,2024-04-19 03:43:04.878740,0.1,0.1,Anestis,"smi:org.gfz-potsdam.de/geofon/RMHP(10)_>>_BW(2,2,8)",,negative,manual,,0.0,101.03132997273009,0.21584404786855485,82.5,0.004173307379885749,0.0,True
texnet2024hrlf,TX,PB34,00,HH1,S,2024-04-19 03:43:08.002541,0.2,0.2,Anestis,"smi:org.gfz-potsdam.de/geofon/RMHP(10)_>>_BW(2,2,8)",,,manual,,0.0,101.03132997273009,0.21584404786855485,82.5,-0.5192755521135037,0.0,True
texnet2024hrlf,TX,PB31,00,HH2,S,2024-04-19 03:43:07.833032,0.2,0.2,Anestis,"smi:org.gfz-potsdam.de/geofon/RMHP(10)_>>_BW(2,2,8)",,,manual,,0.0,86.24243386177034,0.2187336980028588,82.5,-0.7587801214986243,0.0,True
texnet2024hrlf,4O,CT02,,HHE,P,2024-04-19 03:43:05.847360,0.2,0.2,Anestis,"smi:org.gfz-potsdam.de/geofon/RMHP(10)_>>_BW(2,2,8)",,,manual,,0.0,30.503933609555656,0.27803561037347835,82.0,-0.19194499802807208,0.0,True
texnet2024hrlf,4O,CT02,,HHN,S,2024-04-19 03:43:09.842919,0.2,0.2,Anestis,"smi:org.gfz-potsdam.de/geofon/RMHP(10)_>>_BW(2,2,8)",,,manual,,0.0,30.503933609555656,0.27803561037347835,82.0,-0.7172219958896875,0.0,True
texnet2024hrlf,TX,PB57,00,CHN,P,2024-04-19 03:43:05.920006,0.1,0.1,Anestis,"smi:org.gfz-potsdam.de/geofon/RMHP(10)_>>_BW(2,2,8)",,,manual,,0.0,79.44389444204,0.2786836143689006,82.0,-0.12376818120806732,0.0,True
texnet2024hrlf,TX,PB57,00,CHN,S,2024-04-19 03:43:09.976104,0.2,0.2,Anestis,"smi:org.gfz-potsdam.de/geofon/RMHP(10)_>>_BW(2,2,8)",,,manual,,0.0,79.44389444204,0.2786836143689006,82.0,-0.5919383206405548,0.0,True
texnet2024hrlf,4O,SA09,00,HHE,P,2024-04-19 03:43:05.907899,0.1,0.1,Anestis,"smi:org.gfz-potsdam.de/geofon/RMHP(10)_>>_BW(2,2,8)",,,manual,,0.0,354.8071505466255,0.28467864935911935,82.0,-0.2831090239313969,0.0,True
texnet2024hrlf,4O,SA09,00,HHE,S,2024-04-19 03:43:10.315121,0.2,0.2,Anestis,"smi:org.gfz-potsdam.de/geofon/RMHP(10)_>>_BW(2,2,8)",,,manual,,0.0,354.8071505466255,0.28467864935911935,82.0,-0.5104407876438,0.0,True
texnet2024hrlf,4O,WB02,00,HHN,P,2024-04-19 03:43:06.210593,0.1,0.1,Anestis,"smi:org.gfz-potsdam.de/geofon/RMHP(10)_>>_BW(2,2,8)",,,manual,,0.0,86.45180805561962,0.29173946011331164,81.9,-0.08157959402432624,0.0,True
texnet2024hrlf,4O,WB02,00,HHN,S,2024-04-19 03:43:10.605708,0.2,0.2,Anestis,"smi:org.gfz-potsdam.de/geofon/RMHP(10)_>>_BW(2,2,8)",,,manual,,0.0,86.45180805561962,0.29173946011331164,81.9,-0.3969017061568856,0.0,True
texnet2024hrlf,4O,WB03,00,HHE,S,2024-04-19 03:43:10.557277,0.2,0.2,Anestis,"smi:org.gfz-potsdam.de/geofon/RMHP(10)_>>_BW(2,2,8)",,,manual,,0.0,111.70521468168019,0.2909748996630577,82.0,-0.44528377006978737,0.0,True
texnet2024hrlf,4O,WB03,00,HHN,P,2024-04-19 03:43:06.416425,0.1,0.1,Anestis,"smi:org.gfz-potsdam.de/geofon/RMHP(10)_>>_BW(2,2,8)",,,manual,,0.0,111.70521468168019,0.2909748996630577,82.0,0.1243877663911288,0.0,True
texnet2024hrlf,TX,PB58,00,CHE,P,2024-04-19 03:43:06.743334,0.1,0.1,Anestis,"smi:org.gfz-potsdam.de/geofon/RMHP(10)_>>_BW(2,2,8)",,,manual,,0.0,93.51532771169863,0.30207119765632234,81.8,0.26554766653092,0.6767486578620867,True
texnet2024hrlf,TX,PB11,00,HH1,P,2024-04-19 03:43:06.392209,0.1,0.1,Anestis,"smi:org.gfz-potsdam.de/geofon/RMHP(10)_>>_BW(2,2,8)",,positive,manual,,0.0,44.77865690395889,0.3067973352795388,81.8,-0.1789467021396689,0.0,True
texnet2024hrlf,TX,PB11,00,HH1,S,2024-04-19 03:43:10.714678,0.2,0.2,Anestis,"smi:org.gfz-potsdam.de/geofon/RMHP(10)_>>_BW(2,2,8)",,,manual,,0.0,44.77865690395889,0.3067973352795388,81.8,-0.7763908459424052,0.0,True
texnet2024hrlf,TX,PB40,00,HH1,S,2024-04-19 03:43:11.416928,0.2,0.2,Anestis,"smi:org.gfz-potsdam.de/geofon/RMHP(10)_>>_BW(2,2,8)",,,manual,,0.0,104.27583464136441,0.30975467947381796,81.8,-0.17935832928472806,0.0,True
texnet2024hrlf,TX,PB40,00,HH1,P,2024-04-19 03:43:06.634364,0.1,0.1,Anestis,"smi:org.gfz-potsdam.de/geofon/RMHP(10)_>>_BW(2,2,8)",,,manual,,0.0,104.27583464136441,0.30975467947381796,81.8,0.0030017361658156716,0.0,True
texnet2024hrlf,TX,PB44,00,HHN,P,2024-04-19 03:43:06.864412,0.1,0.1,Anestis,"smi:org.gfz-potsdam.de/geofon/RMHP(10)_>>_BW(2,2,8)",,,manual,,0.0,51.20391081759667,0.3286201114516975,81.8,-0.11201794791292752,0.0,True
texnet2024hrlf,TX,PB44,00,HHN,S,2024-04-19 03:43:11.683298,0.2,0.2,Anestis,"smi:org.gfz-potsdam.de/geofon/RMHP(10)_>>_BW(2,2,8)",,,manual,,0.0,51.20391081759667,0.3286201114516975,81.8,-0.5170466691643654,0.0,True
texnet2024hrlf,TX,PB13,01,HHN,P,2024-04-19 03:43:08.741114,0.1,0.1,Anestis,"smi:org.gfz-potsdam.de/geofon/RMHP(10)_>>_BW(2,2,8)",,,manual,,0.0,113.6807113116857,0.40958679805613757,81.6,0.22887388956723953,0.0,True
texnet2024hrlf,TX,PB13,01,HHN,S,2024-04-19 03:43:14.468082,0.3,0.3,Anestis,"smi:org.gfz-potsdam.de/geofon/RMHP(10)_>>_BW(2,2,8)",,,manual,,0.0,113.6807113116857,0.40958679805613757,81.6,-0.42002401006605083,0.0,True
texnet2024hrlf,4O,BP01,,HHE,S,2024-04-19 03:43:14.552836,0.3,0.3,Anestis,"smi:org.gfz-potsdam.de/geofon/RMHP(10)_>>_BW(2,2,8)",,,manual,,0.0,72.7349487835167,0.4126412091762448,81.6,-0.3753338535216386,0.0,True
texnet2024hrlf,GM,NMP11,01,HHN,S,2024-04-19 03:43:14.552836,0.3,0.3,Anestis,"smi:org.gfz-potsdam.de/geofon/RMHP(10)_>>_BW(2,2,8)",,,manual,,0.0,46.42846936659603,0.41888182809967694,81.6,-0.6114792294606115,0.0,True
texnet2024hrlf,GM,NMP11,01,HHN,P,2024-04-19 03:43:08.365773,0.1,0.1,Anestis,"smi:org.gfz-potsdam.de/geofon/RMHP(10)_>>_BW(2,2,8)",,,manual,,0.0,46.42846936659603,0.41888182809967694,81.6,-0.30437870961865343,0.0,True
texnet2024hrlf,4O,WB12,00,HHN,P,2024-04-19 03:43:09.746057,0.2,0.2,Anestis,"smi:org.gfz-potsdam.de/geofon/RMHP(10)_>>_BW(2,2,8)",,,manual,,0.0,68.03178186299608,0.4801584196948911,81.5,-0.0762790374218465,0.0,True
texnet2024hrlf,SC,GDL2,00,HHN,P,2024-04-19 03:43:09.721842,0.1,0.1,Anestis,"smi:org.gfz-potsdam.de/geofon/RMHP(10)_>>_BW(2,2,8)",,positive,manual,,0.0,352.72133782855974,0.4889432777612851,81.5,-0.3399815319337893,0.0,True
texnet2024hrlf,TX,PECS,00,HH1,P,2024-04-19 03:43:10.000320,0.2,0.2,Anestis,"smi:org.gfz-potsdam.de/geofon/RMHP(10)_>>_BW(2,2,8)",,,manual,,0.0,134.33658848188384,0.4984645854767525,81.5,-0.17240771837572133,0.0,True
texnet2024hrlf,GM,NMP02,01,HHN,P,2024-04-19 03:43:10.387768,0.2,0.2,Anestis,"smi:org.gfz-potsdam.de/geofon/RMHP(10)_>>_BW(2,2,8)",,,manual,,0.0,44.37216769080835,0.5194758903037284,81.4,-0.1987344217137661,0.0,True
texnet2024hrlf,TX,PB07,00,HH1,P,2024-04-19 03:43:11.416928,0.2,0.2,Anestis,"smi:org.gfz-potsdam.de/geofon/RMHP(10)_>>_BW(2,2,8)",,,manual,,0.0,104.83516806744743,0.5450323197023684,81.4,0.382384510061458,0.0,True
texnet2024hrlf,GM,NMP31,01,HHN,P,2024-04-19 03:43:11.465359,0.2,0.2,Anestis,"smi:org.gfz-potsdam.de/geofon/RMHP(10)_>>_BW(2,2,8)",,,manual,,0.0,55.99593310509882,0.567783984764552,81.4,-0.023676705745337756,0.0,True
texnet2024hrlf,TX,PB12,00,HHN,P,2024-04-19 03:43:11.295850,0.1,0.1,Anestis,"smi:org.gfz-potsdam.de/geofon/RMHP(10)_>>_BW(2,2,8)",,positive,manual,,0.0,151.15576775120405,0.5770874800324352,81.4,-0.37695064680573154,0.5974056694215643,True
texnet2024hrlf,TX,PB10,00,HH1,P,2024-04-19 03:43:12.458194,0.2,0.2,Anestis,"smi:org.gfz-potsdam.de/geofon/RMHP(10)_>>_BW(2,2,8)",,,manual,,0.0,133.9128171094721,0.6280307040231876,81.3,-0.13659829600754314,0.0,True
texnet2024hrlf,SC,CL2B,00,EH?,P,2024-04-19 03:43:12.881966,0.2,0.2,Anestis,"smi:org.gfz-potsdam.de/geofon/RMHP(10)_>>_BW(2,2,8)",,,manual,,0.0,32.58360922391789,0.6484221007898903,81.3,-0.38591878990088624,0.0,True
texnet2024hrlf,US,MNTX,00,BH1,P,2024-04-19 03:43:17.739999,0.2,0.2,Anestis,"smi:org.gfz-potsdam.de/geofon/RMHP(10)_>>_BW(2,2,8)",,,manual,,0.0,269.5401514701251,0.9330781869898226,72.4,-0.40711735176677877,0.0,True
texnet2024hrlf,SC,DAG,00,HHN,P,2024-04-19 03:43:17.570490,0.2,0.2,Anestis,"smi:org.gfz-potsdam.de/geofon/RMHP(10)_>>_BW(2,2,8)",,,manual,,0.0,339.0771808106436,0.9400835212633936,72.4,-0.9075719499049342,0.0,True
texnet2024hrlf,TX,PB04,00,HH1,P,2024-04-19 03:43:20.016257,0.2,0.2,Anestis,"smi:org.gfz-potsdam.de/geofon/RMHP(10)_>>_BW(2,2,8)",,,manual,,0.0,121.51536678829729,1.0179424154982026,72.4,0.21844416545442158,0.0,True
texnet2024hrlf,TX,VHRN,00,HH1,P,2024-04-19 03:43:20.670075,0.2,0.2,Anestis,"smi:org.gfz-potsdam.de/geofon/RMHP(10)_>>_BW(2,2,8)",,,manual,,0.0,213.25161110842328,1.106578897529507,72.4,-0.8769885512007285,0.16350965266082657,True
texnet2024hrlf,TX,ALPN,00,HH1,P,2024-04-19 03:43:26.118565,0.2,0.2,Anestis,"smi:org.gfz-potsdam.de/geofon/RMHP(10)_>>_BW(2,2,8)",,,manual,,0.0,157.73159526642104,1.4542809339591343,72.4,-1.8135884215913585,0.0,True
texnet2024hriz,4O,WB03,00,HHN,P,2024-04-19 02:35:01.467856,0.2,0.2,Victor,,,positive,manual,,0.0,280.98039635161956,0.028059344974717307,152.6,0.20466132558010885,0.0,True
texnet2024hriz,4O,WB04,00,HHN,P,2024-04-19 02:35:01.935576,0.2,0.2,Victor,,,positive,manual,,0.0,189.12089803165907,0.07596298307652732,121.0,0.020653977277056423,1.039166909173871,True
texnet2024hriz,4O,WB04,00,HHE,S,2024-04-19 02:35:03.543267,0.2,0.2,Victor,,,,manual,,0.0,189.12089803165907,0.07596298307652732,121.0,-0.05773906693333597,1.0297678740044667,True
texnet2024hriz,TX,PB24,00,HHE,P,2024-04-19 02:35:01.991986,0.2,0.2,Victor,,,negative,manual,,0.0,281.92620448607454,0.07074278530258506,123.4,0.15662078115391997,0.0,True
texnet2024hriz,TX,PB24,00,HHE,S,2024-04-19 02:35:03.560190,0.2,0.2,Victor,,,,manual,,0.0,281.92620448607454,0.07074278530258506,123.4,0.09840937695404905,0.9772871734824079,True
texnet2024hriz,TX,PB13,01,HHE,P,2024-04-19 02:35:02.144294,0.2,0.2,Victor,,,positive,manual,,0.0,123.72994267136417,0.0928362871434612,115.0,-0.06634003463001603,1.024321725542847,True
texnet2024hriz,TX,PB43,00,HH1,P,2024-04-19 02:35:02.257114,0.2,0.2,Victor,,,positive,manual,,0.0,39.468538704739395,0.09642080017138674,113.8,-0.004329164267383501,1.0441641528138166,True
texnet2024hriz,TX,PB20,00,HHE,P,2024-04-19 02:35:02.595575,0.2,0.2,Victor,,,negative,manual,,0.0,282.21027649835077,0.10918300132632729,110.8,0.06970240477256207,1.0079598285112852,True
texnet2024hriz,TX,PB34,00,HH2,P,2024-04-19 02:35:02.635062,0.2,0.2,Victor,,,negative,manual,,0.0,309.7898911408804,0.11196600055836098,110.0,0.06950568108375421,1.0081396280005974,True
texnet2024hriz,TX,PB34,00,HH2,S,2024-04-19 02:35:04.744804,0.2,0.2,Victor,,,,manual,,0.0,309.7898911408804,0.11196600055836098,110.0,0.005175062437599465,1.0427656490766757,True
texnet2024hriz,TX,PB25,00,HHE,P,2024-04-19 02:35:02.697114,0.2,0.2,Victor,,,,manual,,0.0,259.12121682230156,0.11617076151898155,109.2,0.03722107820728793,1.031745409621243,True
texnet2024hriz,TX,PB25,00,HHE,S,2024-04-19 02:35:04.835060,0.2,0.2,Victor,,,,manual,,0.0,259.12121682230156,0.11617076151898155,109.2,-0.06980314792572617,1.0207218417719128,True
texnet2024hriz,TX,PB33,00,HH2,P,2024-04-19 02:35:02.764806,0.2,0.2,Victor,,,positive,manual,,0.0,235.05891401231136,0.12264309421985976,107.8,-0.009997334129547397,1.0442528295413616,True
texnet2024hriz,TX,PB33,00,HH2,S,2024-04-19 02:35:04.902753,0.2,0.2,Victor,,,,manual,,0.0,235.05891401231136,0.12264309421985976,107.8,-0.20322094714605932,0.0,True
texnet2024hriz,TX,PB23,00,HHE,P,2024-04-19 02:35:02.911472,0.2,0.2,Victor,,,negative,manual,,0.0,297.009261692485,0.13008367943700683,106.1,-0.004130339776764469,1.044154015394049,True
texnet2024hriz,TX,PB23,00,HHE,S,2024-04-19 02:35:05.190445,0.2,0.2,Victor,,,,manual,,0.0,297.009261692485,0.13008367943700683,106.1,-0.16181462617565767,0.9098787447796021,True
texnet2024hriz,TX,PB31,00,HH2,P,2024-04-19 02:35:03.351472,0.2,0.2,Victor,,,,manual,,0.0,327.972018899446,0.1501444848519596,99.8,0.07576255512521479,1.0022139181246055,True
texnet2024hriz,TX,PB31,00,HH2,S,2024-04-19 02:35:05.709419,0.2,0.2,Victor,,,,manual,,0.0,327.972018899446,0.1501444848519596,99.8,-0.2730331286583345,0.6966208233036533,True
texnet2024hriz,TX,PB26,00,HHE,P,2024-04-19 02:35:03.493875,0.2,0.2,Victor,,,positive,manual,,0.0,260.6489509705609,0.1637008966190561,94.9,-0.07774778181182729,0.0,True
texnet2024hriz,TX,PB26,00,HHN,S,2024-04-19 02:35:05.982134,0.2,0.2,Victor,,,,manual,,0.0,260.6489509705609,0.1637008966190561,94.9,-0.5181943651035281,0.0,True
texnet2024hriz,TX,PB57,00,CHE,P,2024-04-19 02:35:03.568689,0.2,0.2,Victor,,,,manual,,0.0,351.7012345296834,0.1657460812849379,93.7,-0.009022156503174283,1.044265138254345,True
texnet2024hriz,TX,PECS,00,HH1,P,2024-04-19 02:35:04.556545,0.2,0.2,Victor,,,positive,manual,,0.0,166.01341393727674,0.2425993515055158,73.5,-0.4743296474908947,0.0,True
texnet2024hriz,4O,SA02,00,HHZ,P,2024-04-19 02:35:05.846082,0.2,0.2,Victor,,,negative,manual,,0.0,283.59164464019364,0.2876213639062918,73.4,-0.07971951978270564,0.0,True
texnet2024hriz,4O,SA04,00,HHN,P,2024-04-19 02:35:06.153678,0.2,0.2,Victor,,,positive,manual,,0.0,299.3449226136927,0.31001792095029257,73.3,-0.18505551301703083,0.0,True
texnet2024hriz,TX,PB44,00,HHN,P,2024-04-19 02:35:06.473105,0.2,0.2,Victor,,,,manual,,0.0,352.53672639375156,0.3215776161568634,73.3,-0.03733723642889597,0.0,True
texnet2024hriz,TX,PB09,00,BHN,P,2024-04-19 02:35:06.893091,0.2,0.2,Victor,,,positive,manual,,0.0,298.79780828692395,0.3537540621115772,73.3,-0.2782423999451451,0.0,True
texnet2024hriz,TX,PB12,00,HHN,P,2024-04-19 02:35:07.340122,0.2,0.2,Victor,,,positive,manual,,0.0,182.84188146761272,0.3930180027867189,73.3,-0.5400035560779184,0.0,True
texnet2024hriz,TX,PB58,00,CHN,P,2024-04-19 02:35:02.262061,0.2,0.2,Victor,,,positive,manual,,0.0,2.1908590483145165,0.09450359766477584,114.3,0.03567614855623491,1.032574338603261,True
texnet2024hrgy,TX,PB26,00,HHZ,P,2024-04-19 01:33:53.945567,0.1,0.1,Kate,,,negative,manual,,0.0,120.0117497099727,0.06743658633935323,119.8,0.07005211888474072,1.1909841729459394,True
texnet2024hrgy,TX,PB26,00,HHN,S,2024-04-19 01:33:55.321826,0.1,0.1,Kate,,,,manual,,0.0,120.0117497099727,0.06743658633935323,119.8,-0.0772139697177594,1.2505352113081578,True
texnet2024hrgy,4O,SA02,00,HHZ,P,2024-04-19 01:33:54.330151,0.1,0.1,Kate,,,positive,manual,,0.0,315.38796403662786,0.08492948099956826,113.7,0.12436635771365578,1.0218922514502087,True
texnet2024hrgy,4O,SA02,00,HHN,S,2024-04-19 01:33:55.933810,0.1,0.1,Kate,,,,manual,,0.0,315.38796403662786,0.08492948099956826,113.7,-0.0432382900336572,1.291483575167942,True
texnet2024hrgy,TX,PB34,00,HHZ,P,2024-04-19 01:33:55.525280,0.1,0.1,Kate,,,positive,manual,,0.0,64.2692064554693,0.14862302626482818,103.2,0.13128858726215764,0.9963886601016861,True
texnet2024hrgy,TX,PB34,00,HH1,S,2024-04-19 01:33:57.931931,0.1,0.1,Kate,,,,manual,,0.0,64.2692064554693,0.14862302626482818,103.2,-0.12454704918765014,1.1429308363847428,True
texnet2024hrgy,TX,PB24,00,HHZ,P,2024-04-19 01:33:55.482052,0.1,0.1,Kate,,,positive,manual,,0.0,87.15571084973656,0.15089052521162827,103.1,0.037293231391454906,1.2585290093055823,True
texnet2024hrgy,TX,PB24,00,HHN,S,2024-04-19 01:33:58.010959,0.1,0.1,Kate,,,,manual,,0.0,87.15571084973656,0.15089052521162827,103.1,-0.13444229583670264,1.1177477223314602,True
texnet2024hrgy,4O,SA06,00,HHZ,P,2024-04-19 01:33:55.549792,0.1,0.1,Kate,,,positive,manual,,0.0,15.00169290412142,0.1505062012131905,103.1,0.10105967693004736,1.101919463786025,True
texnet2024hrgy,4O,SA06,00,HHN,S,2024-04-19 01:33:58.202883,0.1,0.1,Kate,,,,manual,,0.0,15.00169290412142,0.1505062012131905,103.1,0.0505746322297318,1.2174343297055867,True
texnet2024hrgy,4O,SA04,00,HHZ,P,2024-04-19 01:33:55.552043,0.1,0.1,Kate,,,,manual,,0.0,340.8374887689688,0.15329126603065374,102.9,0.03881450801956143,1.2560571575206356,True
texnet2024hrgy,4O,SA04,00,HHN,S,2024-04-19 01:33:58.081932,0.1,0.1,Kate,,,,manual,,0.0,340.8374887689688,0.15329126603065374,102.9,-0.18328267757419425,0.9803009992553198,True
texnet2024hrgy,TX,PB09,00,BHZ,P,2024-04-19 01:33:56.078459,0.1,0.1,Kate,,,,manual,,0.0,331.1138769046597,0.1864804112946022,100.5,-0.10017262970823104,1.2074875929238473,True
texnet2024hrgy,TX,PB09,00,BHN,S,2024-04-19 01:33:58.911563,0.1,0.1,Kate,,,,manual,,0.0,331.1138769046597,0.1864804112946022,100.5,-0.5181616542977396,0.0,True
texnet2024hrgy,TX,PB35,00,HHZ,P,2024-04-19 01:33:56.281453,0.1,0.1,Kate,,,,manual,,0.0,282.835954720893,0.20734650050354644,99.5,-0.3299675028046307,0.5344081369582833,True
texnet2024hrgy,TX,PB35,00,HH1,S,2024-04-19 01:33:59.264597,0.1,0.1,Kate,,,,manual,,0.0,282.835954720893,0.20734650050354644,99.5,-0.9225854755937757,0.0,True
texnet2024hrgy,4O,WB04,00,HHZ,P,2024-04-19 01:33:56.925741,0.1,0.1,Kate,,,,manual,,0.0,111.5592650594398,0.22351656870986958,98.6,0.05085140228422258,1.2337995679790568,True
texnet2024hrgy,4O,WB04,00,HHN,S,2024-04-19 01:34:00.270162,0.1,0.1,Kate,,,,manual,,0.0,111.5592650594398,0.22351656870986958,98.6,-0.3781041396308602,0.0,True
texnet2024hrgy,TX,PB28,00,HHZ,P,2024-04-19 01:33:57.493477,0.2,0.2,Kate,"smi:org.gfz-potsdam.de/geofon/RMHP(10)_>>_BW(2,3,12)",,,manual,,0.0,282.74699280923977,0.26722040910596623,84.1,-0.3037365929310001,0.0,True
texnet2024hrgy,TX,PB28,00,HH1,S,2024-04-19 01:34:01.103168,0.2,0.2,Kate,"smi:org.gfz-potsdam.de/geofon/RMHP(10)_>>_BW(2,3,12)",,,manual,,0.0,282.74699280923977,0.26722040910596623,84.1,-1.1591730848186188,0.0,True
texnet2024hrgy,4O,SA07,00,HHZ,P,2024-04-19 01:33:58.079666,0.2,0.2,Kate,,,,manual,,0.0,330.703279777965,0.29292716945257624,70.3,-0.18236141400481998,0.895725211062895,True
texnet2024hrgy,4O,SA07,00,HHN,S,2024-04-19 01:34:01.889895,0.2,0.2,Kate,,,,manual,,0.0,330.703279777965,0.29292716945257624,70.3,-1.1859544574782515,0.0,True
texnet2024hrgy,TX,PB37,00,HHZ,P,2024-04-19 01:33:58.527970,0.2,0.2,Kate,,,,manual,,0.0,291.0351363940424,0.3040100126481765,69.2,0.020951405350919217,1.0017624808320447,True
texnet2024hrgy,TX,PB37,00,HH1,S,2024-04-19 01:34:02.166275,0.2,0.2,Kate,,,,manual,,0.0,291.0351363940424,0.3040100126481765,69.2,-1.3382969443098798,0.0,True
texnet2024hrgy,TX,PB11,00,HHZ,P,2024-04-19 01:33:59.065782,0.2,0.2,Kate,,,,manual,,0.0,23.115312461581354,0.3518469164231158,69.0,-0.26042750341740106,0.0,True
texnet2024hrgy,TX,PB11,00,HH1,S,2024-04-19 01:34:04.067785,0.1,0.1,Kate,,,,manual,,0.0,23.115312461581354,0.3518469164231158,69.0,-0.8704322169745726,0.0,True
texnet2024hrgy,TX,PECS,00,HHZ,P,2024-04-19 01:33:59.680913,0.1,0.1,Kate,"smi:org.gfz-potsdam.de/geofon/RMHP(10)_>>_BW(2,3,12)",,,manual,,0.0,131.046126591178,0.36934811897883746,69.0,0.02611240476502008,1.230736670660305,True
texnet2024hrgy,TX,PECS,00,HH1,S,2024-04-19 01:34:04.595065,0.1,0.1,Kate,"smi:org.gfz-potsdam.de/geofon/RMHP(10)_>>_BW(2,3,12)",,,manual,,0.0,131.046126591178,0.36934811897883746,69.0,-0.9183129573954023,0.0,True
texnet2024hrgy,4O,SA09,00,HHZ,P,2024-04-19 01:33:59.983647,0.2,0.2,Kate,"smi:org.gfz-potsdam.de/geofon/RMHP(10)_>>_BW(2,3,12)",,,manual,,0.0,345.08055451562393,0.40291762676108034,69.0,-0.3376691547338826,0.0,True
texnet2024hrgy,TX,VHRN,00,HHZ,P,2024-04-19 01:34:11.153115,0.2,0.2,Kate,"smi:org.gfz-potsdam.de/geofon/RMHP(10)_>>_BW(2,3,12)",,,manual,,0.0,219.877542224049,1.0679663576098382,65.7,-1.6073113486946085,0.0007898758857973118,True
texnet2024hrgy,SC,DAG,00,HHZ,P,2024-04-19 01:34:12.279588,0.2,0.2,Kate,"smi:org.gfz-potsdam.de/geofon/RMHP(10)_>>_BW(2,3,12)",,,manual,,0.0,337.19601134594467,1.0673492268948628,65.7,-0.4551468394778944,0.0,True
texnet2024hrgy,TX,ALPN,00,HHZ,P,2024-04-19 01:34:15.440981,0.2,0.2,Kate,"smi:org.gfz-potsdam.de/geofon/RMHP(10)_>>_BW(2,3,12)",,,manual,,0.0,159.1154756605691,1.3271897345428558,65.7,-2.0813551693081145,0.0,True
texnet2024hrgy,TX,PB25,00,HHZ,P,2024-04-19 01:33:54.663172,0.2,0.2,Kate,,,,manual,,0.0,105.35183229367989,0.10975358708279308,108.1,0.009232998801098624,1.020985382522024,True
texnet2024hrgy,TX,PB25,00,HHN,S,2024-04-19 01:33:56.530753,0.2,0.2,Kate,,,,manual,,0.0,105.35183229367989,0.10975358708279308,108.1,-0.23060912691791824,0.8157416151383435,True
texnet2024hrgy,TX,PB20,00,HHZ,P,2024-04-19 01:33:54.829464,0.1,0.1,Kate,,,positive,manual,,0.0,81.97503356564167,0.11432691699743092,107.3,0.09105669174463893,1.1330407440199513,True
texnet2024hrgy,TX,PB20,00,HHN,S,2024-04-19 01:33:56.888920,0.2,0.2,Kate,,,,manual,,0.0,81.97503356564167,0.11432691699743092,107.3,-0.020250204191572863,1.0314477993701459,True
texnet2024hrgy,TX,PB23,00,HHZ,P,2024-04-19 01:33:54.945684,0.1,0.1,Kate,,,positive,manual,,0.0,63.46511360102439,0.11627239467568819,107.1,0.17362994758207284,0.8287562775820585,True
texnet2024hrgy,TX,PB23,00,HHN,S,2024-04-19 01:33:56.968068,0.1,0.1,Kate,,,,manual,,0.0,63.46511360102439,0.11627239467568819,107.1,1.2256862191861728e-13,1.2960940846726583,True
texnet2024hrgy,TX,PB33,00,HHZ,P,2024-04-19 01:33:55.151720,0.1,0.1,Kate,,,,manual,,0.0,122.9473469563881,0.14226520185476405,103.9,-0.12592629783112397,1.1471492060141766,True
texnet2024hrgy,TX,PB33,00,HH1,S,2024-04-19 01:33:57.296654,0.1,0.1,Kate,,,,manual,,0.0,122.9473469563881,0.14226520185476405,103.9,-0.5563389339012206,0.0,True
texnet2024hrgy,TX,PB31,00,HHZ,P,2024-04-19 01:33:56.151070,0.1,0.1,Kate,,,,manual,,0.0,49.42051196399797,0.18471757867418978,100.6,0.05907996670167748,1.216869735775155,True
texnet2024hrgy,TX,PB31,00,HH1,S,2024-04-19 01:33:59.203996,0.1,0.1,Kate,,,,manual,,0.0,49.42051196399797,0.18471757867418978,100.6,-0.07411894689469722,1.2263032055628125,True
texnet2024hrgy,4O,WB03,00,HHE,S,2024-04-19 01:33:59.246626,0.2,0.2,Kate,"smi:org.gfz-potsdam.de/geofon/RMHP(10)_>>_BW(2,3,12)",,,manual,,0.0,90.5322447363923,0.19238306671230934,100.2,-0.33136192812852716,0.6153403667682584,True
texnet2024hrgy,TX,PB38,00,HHZ,P,2024-04-19 01:33:56.794647,0.2,0.2,Kate,"smi:org.gfz-potsdam.de/geofon/RMHP(10)_>>_BW(2,3,12)",,,manual,,0.0,301.26677105561544,0.2304515277086952,98.1,-0.27998306369747716,0.7180558182839689,True
texnet2024hrgy,TX,PB58,00,CHZ,P,2024-04-19 01:33:57.123575,0.1,0.1,Kate,,,,manual,,0.0,68.66642421651255,0.23997677269481116,97.1,-0.06431728357681621,1.2658058413107303,True
texnet2024hrgy,TX,PB58,00,CHN,S,2024-04-19 01:34:00.939732,0.1,0.1,Kate,,,,manual,,0.0,68.66642421651255,0.23997677269481116,97.1,-0.2562267907560418,0.766966742663737,True
texnet2024hrgy,TX,PB57,00,CHZ,P,2024-04-19 01:33:57.443640,0.1,0.1,Kate,,,,manual,,0.0,51.32577297233198,0.25104978214894336,92.8,0.030090304374614796,1.261735476504298,True
texnet2024hrgy,TX,PB57,00,CHN,S,2024-04-19 01:34:01.370589,0.1,0.1,Kate,,,,manual,,0.0,51.32577297233198,0.25104978214894336,92.8,-0.22040516169514213,0.0,True
texnet2024hrgy,4O,CV01,,HHZ,P,2024-04-19 01:33:57.345158,0.2,0.2,Kate,,,,manual,,0.0,20.91164421533979,0.2554428513135876,90.5,-0.17010679161253783,0.9176779150528749,True
texnet2024hrgy,4O,CV01,,HHN,S,2024-04-19 01:34:01.075144,0.2,0.2,Kate,,,,manual,,0.0,20.91164421533979,0.2554428513135876,90.5,-0.6937806398722337,0.0,True
texnet2024hrgy,TX,PB43,00,HHZ,P,2024-04-19 01:33:58.133010,0.1,0.1,Kate,,,,manual,,0.0,76.54047120303777,0.2891524146390107,70.8,-0.010499218954358902,1.2827035978820294,True
texnet2024hrgy,TX,PB43,00,HH1,S,2024-04-19 01:34:02.564677,0.1,0.1,Kate,,,,manual,,0.0,76.54047120303777,0.2891524146390107,70.8,-0.3038451080249054,0.0,True
texnet2024hrgy,4O,CT01,,HHZ,P,2024-04-19 01:33:58.022218,0.1,0.1,Kate,,,,manual,,0.0,8.614822263826229,0.2947414594950703,69.9,-0.2489308646444739,0.0,True
texnet2024hrgy,4O,CT01,,HHE,S,2024-04-19 01:34:02.466195,0.1,0.1,Kate,,,,manual,,0.0,8.614822263826229,0.2947414594950703,69.9,-0.6257067303565087,0.0,True
texnet2024hrgy,TX,PB29,00,HHZ,P,2024-04-19 01:33:58.588486,0.2,0.2,Kate,"smi:org.gfz-potsdam.de/geofon/RMHP(10)_>>_BW(2,3,12)",,,manual,,0.0,297.8630424578823,0.3071633879367138,69.2,0.02710716409399261,0.9968004636375781,True
texnet2024hrgy,TX,PB29,00,HH1,S,2024-04-19 01:34:02.429264,0.1,0.1,Kate,"smi:org.gfz-potsdam.de/geofon/RMHP(10)_>>_BW(2,3,12)",,,manual,,0.0,297.8630424578823,0.3071633879367138,69.2,-1.1704039387084464,0.0,True
texnet2024hrgy,TX,PB56,00,CHZ,P,2024-04-19 01:33:58.858285,0.2,0.2,Kate,"smi:org.gfz-potsdam.de/geofon/RMHP(10)_>>_BW(2,3,12)",,,manual,,0.0,55.4375192606477,0.33624549996408765,69.0,-0.16373560595940084,0.9197710919701065,True
texnet2024hrgy,TX,PB56,00,CHE,S,2024-04-19 01:34:03.943922,0.2,0.2,Kate,"smi:org.gfz-potsdam.de/geofon/RMHP(10)_>>_BW(2,3,12)",,,manual,,0.0,55.4375192606477,0.33624549996408765,69.0,-0.4618746949187162,0.0,True
texnet2024hrgy,TX,PB44,00,HHZ,P,2024-04-19 01:33:59.144225,0.2,0.2,Kate,"smi:org.gfz-potsdam.de/geofon/RMHP(10)_>>_BW(2,3,12)",,,manual,,0.0,29.74818192274803,0.35903758860247,69.0,-0.3122451897002252,0.0,True
texnet2024hrgy,TX,PB44,00,HHE,S,2024-04-19 01:34:04.474952,0.2,0.2,Kate,"smi:org.gfz-potsdam.de/geofon/RMHP(10)_>>_BW(2,3,12)",,,manual,,0.0,29.74818192274803,0.35903758860247,69.0,-0.6912988118314924,0.0,True
texnet2024hrgy,TX,PB12,00,HHZ,P,2024-04-19 01:34:00.553498,0.2,0.2,Kate,"smi:org.gfz-potsdam.de/geofon/RMHP(10)_>>_BW(2,3,12)",,,manual,,0.0,153.36600790631317,0.44710983128982157,69.0,-0.5852638600790883,0.2139518233964151,True
texnet2024hrgy,GM,NMP11,01,HHZ,P,2024-04-19 01:34:01.002831,0.2,0.2,Kate,"smi:org.gfz-potsdam.de/geofon/RMHP(10)_>>_BW(2,3,12)",,,manual,,0.0,29.751796100711797,0.4544465220921075,69.0,-0.24408523057375753,0.0,True
texnet2024hrgy,US,MNTX,00,BHZ,P,2024-04-19 01:34:11.169726,0.2,0.2,Kate,"smi:org.gfz-potsdam.de/geofon/RMHP(10)_>>_BW(2,3,12)",,,manual,,0.0,275.5553538553027,1.0157888544388842,65.7,-0.41657213473836663,0.4897460035759537,True
texnet2024hrgy,TX,PB46,00,HHZ,P,2024-04-19 01:34:04.430101,0.2,0.2,Kate,"smi:org.gfz-potsdam.de/geofon/RMHP(10)_>>_BW(2,3,12)",,,manual,,0.0,81.29424591409473,0.6203770312110208,69.0,0.0661309472222591,0.9041438827312182,True
texnet2024hrgy,TX,PB01,00,HHZ,P,2024-04-19 01:34:05.671268,0.2,0.2,Kate,"smi:org.gfz-potsdam.de/geofon/RMHP(10)_>>_BW(2,3,12)",,,manual,,0.0,152.34496160214917,0.7564048965724609,69.0,-1.2793907005177125,0.0,True
texnet2024hrey,TX,PECS,00,HH2,P,2024-04-19 00:33:32.130765,0.2,0.2,Anestis,"smi:org.gfz-potsdam.de/geofon/RMHP(10)_>>_BW(2,2,8)",,,manual,,0.0,173.16830848691734,0.11892402940683626,106.1,0.020991945207273766,1.2123895169519174,True
texnet2024hrey,TX,PECS,00,HH2,S,2024-04-19 00:33:34.698990,0.3,0.3,Anestis,"smi:org.gfz-potsdam.de/geofon/RMHP(10)_>>_BW(2,2,8)",,,manual,,0.0,173.16830848691734,0.11892402940683626,106.1,0.31914331106460736,0.0,True
texnet2024hrey,TX,PB40,00,HH1,P,2024-04-19 00:33:32.888062,0.2,0.2,Anestis,"smi:org.gfz-potsdam.de/geofon/RMHP(10)_>>_BW(2,2,8)",,,manual,,0.0,344.66994437155427,0.15957887726492195,93.6,0.007963057713160193,1.2178382736901585,True
texnet2024hrey,TX,PB40,00,HH2,S,2024-04-19 00:33:36.081880,0.2,0.2,Anestis,"smi:org.gfz-potsdam.de/geofon/RMHP(10)_>>_BW(2,2,8)",,,manual,,0.0,344.66994437155427,0.15957887726492195,93.6,0.3539104390335517,0.0,True
texnet2024hrey,TX,PB43,00,HH1,P,2024-04-19 00:33:33.497192,0.1,0.1,Anestis,"smi:org.gfz-potsdam.de/geofon/RMHP(10)_>>_BW(2,2,8)",,,manual,,0.0,5.007340694730319,0.19249617801241295,81.2,0.005648864685596777,1.3832583929280113,True
texnet2024hrey,TX,PB43,00,HH1,S,2024-04-19 00:33:37.151973,0.3,0.3,Anestis,"smi:org.gfz-potsdam.de/geofon/RMHP(10)_>>_BW(2,2,8)",,,manual,,0.0,5.007340694730319,0.19249617801241295,81.2,0.35398371037341914,0.0,True
texnet2024hrey,TX,PB07,00,HH2,P,2024-04-19 00:33:33.694748,0.2,0.2,Anestis,"smi:org.gfz-potsdam.de/geofon/RMHP(10)_>>_BW(2,2,8)",,,manual,,0.0,63.81111943833375,0.20559086443366423,80.0,-0.033720003752337746,1.2224993241234214,True
texnet2024hrey,TX,PB10,00,HH1,P,2024-04-19 00:33:35.291657,0.2,0.2,Anestis,"smi:org.gfz-potsdam.de/geofon/RMHP(10)_>>_BW(2,2,8)",,,manual,,0.0,151.80571847240662,0.23293281759020176,79.2,1.0488936533212225,0.0,True
texnet2024hrey,TX,PCOS,00,HHE,S,2024-04-19 00:33:41.284181,0.2,0.2,Anestis,"smi:org.gfz-potsdam.de/geofon/RMHP(10)_>>_BW(2,2,8)",,,manual,,0.0,104.07176091706408,0.329001949032104,78.9,0.039978639107896896,1.1484644685965362,True
texnet2024hrey,4O,SA02,00,HHE,S,2024-04-19 00:33:43.111571,0.3,0.3,Anestis,"smi:org.gfz-potsdam.de/geofon/RMHP(10)_>>_BW(2,2,8)",,,manual,,0.0,299.71073793469026,0.3731039519739464,78.8,0.2809650833980655,0.0,True
texnet2024hrey,4O,WB03,00,HHN,P,2024-04-19 00:33:32.751721,0.2,0.2,Anestis,"smi:org.gfz-potsdam.de/geofon/RMHP(10)_>>_BW(2,2,8)",,,manual,,0.0,329.5780618033336,0.14225782511791152,100.0,0.18443819807658235,0.0,True
texnet2024hrey,4O,WB03,00,HHE,S,2024-04-19 00:33:36.040223,0.3,0.3,Anestis,"smi:org.gfz-potsdam.de/geofon/RMHP(10)_>>_BW(2,2,8)",,,manual,,0.0,329.5780618033336,0.14225782511791152,100.0,0.8596912727305952,0.0,True
texnet2024hrey,TX,PB07,00,HH1,S,2024-04-19 00:33:37.645012,0.3,0.3,Anestis,"smi:org.gfz-potsdam.de/geofon/RMHP(10)_>>_BW(2,2,8)",,,manual,,0.0,63.81111943833375,0.20559086443366423,80.0,0.43236713028375107,0.0,True
texnet2024hrey,TX,PB10,00,HH2,S,2024-04-19 00:33:39.828577,0.3,0.3,Anestis,"smi:org.gfz-potsdam.de/geofon/RMHP(10)_>>_BW(2,2,8)",,,manual,,0.0,151.80571847240662,0.23293281759020176,79.2,1.7158279127381793,0.0,True
texnet2024hrey,4O,SA04,00,HHE,P,2024-04-19 00:33:38.407944,0.3,0.3,Anestis,"smi:org.gfz-potsdam.de/geofon/RMHP(10)_>>_BW(2,2,8)",,,manual,,0.0,310.5478075215568,0.4141882496905801,78.7,0.705260147576503,0.0,True
texnet2024hrey,TX,PB30,00,HHE,S,2024-04-19 00:33:47.352669,0.3,0.3,Anestis,"smi:org.gfz-potsdam.de/geofon/RMHP(10)_>>_BW(2,2,8)",,,manual,,0.0,113.49048905495654,0.522903092711267,78.6,-0.2850254416942164,0.8257698798810407,True
texnet2024hrey,GM,NMP11,01,HHN,S,2024-04-19 00:33:47.444021,0.3,0.3,Anestis,"smi:org.gfz-potsdam.de/geofon/RMHP(10)_>>_BW(2,2,8)",,,manual,,0.0,355.71439873618755,0.5204569371477534,78.6,-0.1348579097532081,0.9378833392254798,True
texnet2024hrey,4O,SA07,00,HHE,S,2024-04-19 00:33:49.548662,0.3,0.3,Anestis,"smi:org.gfz-potsdam.de/geofon/RMHP(10)_>>_BW(2,2,8)",,,manual,,0.0,312.9766062162375,0.5573126135714189,78.6,0.6692923315741801,0.0,True
texnet2024hrey,TX,ALPN,00,HH2,P,2024-04-19 00:33:49.916974,0.3,0.3,Anestis,"smi:org.gfz-potsdam.de/geofon/RMHP(10)_>>_BW(2,2,8)",,,manual,,0.0,169.40256602066248,1.134892777134619,70.9,-1.2306464512866526,0.0,True
texnet2024hrey,NX,WTX29,,HHN,P,2024-04-19 00:33:53.152860,0.2,0.2,Anestis,"smi:org.gfz-potsdam.de/geofon/RMHP(10)_>>_BW(2,2,8)",,,manual,,0.0,12.554586496351368,1.284706911816486,70.9,-0.705731570130478,0.0,True
texnet2024hrey,US,MNTX,00,BH1,P,2024-04-19 00:33:53.179168,0.2,0.2,Anestis,"smi:org.gfz-potsdam.de/geofon/RMHP(10)_>>_BW(2,2,8)",,,manual,,0.0,279.90859126497276,1.2947397778146115,70.9,-0.678118513432274,0.0,True
texnet2024hrey,TX,VHRN,00,HH1,P,2024-04-19 00:33:50.044143,0.3,0.3,Anestis,"smi:org.gfz-potsdam.de/geofon/RMHP(10)_>>_BW(2,2,8)",,,manual,,0.0,233.78212707701456,1.17645343418532,70.9,-1.8598768181258194,0.0017627595323942266,True
texnet2024hrey,TX,PB33,00,HH1,P,2024-04-19 00:33:32.820194,0.3,0.3,Anestis,"smi:org.gfz-potsdam.de/geofon/RMHP(10)_>>_BW(2,2,8)",,,manual,,0.0,287.98717773978,0.15247639762801568,96.4,0.05758003292072633,1.0146008816374437,True
texnet2024hrey,TX,PB33,00,HH1,S,2024-04-19 00:33:35.715814,0.3,0.3,Anestis,"smi:org.gfz-potsdam.de/geofon/RMHP(10)_>>_BW(2,2,8)",,,manual,,0.0,287.98717773978,0.15247639762801568,96.4,0.19357481794744302,0.0,True
texnet2024hrey,TX,PB24,00,HHE,P,2024-04-19 00:33:33.169665,0.2,0.2,Anestis,"smi:org.gfz-potsdam.de/geofon/RMHP(10)_>>_BW(2,2,8)",,,manual,,0.0,319.2469725263518,0.17417953825794957,87.4,8.881784197001252e-15,1.2202332651672094,True
texnet2024hrey,TX,PB24,00,HHE,S,2024-04-19 00:33:36.215059,0.3,0.3,Anestis,"smi:org.gfz-potsdam.de/geofon/RMHP(10)_>>_BW(2,2,8)",,,manual,,0.0,319.2469725263518,0.17417953825794957,87.4,-0.019646691005235972,1.0321834150967077,True
texnet2024hrey,TX,PB25,00,HHN,S,2024-04-19 00:33:36.414757,0.3,0.3,Anestis,"smi:org.gfz-potsdam.de/geofon/RMHP(10)_>>_BW(2,2,8)",,,manual,,0.0,301.0325474694667,0.18505813143392097,82.8,-0.19494630664386126,0.9564577863736383,True
texnet2024hrey,TX,PB20,00,HHE,S,2024-04-19 00:33:37.263473,0.3,0.3,Anestis,"smi:org.gfz-potsdam.de/geofon/RMHP(10)_>>_BW(2,2,8)",,,manual,,0.0,312.8825408736465,0.20634813028872614,80.1,-0.040883678200154705,1.0280599480387018,True
texnet2024hrey,TX,PB20,00,HHE,P,2024-04-19 00:33:33.868608,0.2,0.2,Anestis,"smi:org.gfz-potsdam.de/geofon/RMHP(10)_>>_BW(2,2,8)",,,manual,,0.0,312.8825408736465,0.20634813028872614,80.1,0.08780702084393432,1.1554872208027085,True
texnet2024hrey,TX,PB26,00,HHE,P,2024-04-19 00:33:34.218079,0.2,0.2,Anestis,"smi:org.gfz-potsdam.de/geofon/RMHP(10)_>>_BW(2,2,8)",,,manual,,0.0,293.76868319474977,0.22510773884683433,79.3,0.07479320337619377,1.1699788228192176,True
texnet2024hrey,TX,PB26,00,HHE,S,2024-04-19 00:33:38.062265,0.3,0.3,Anestis,"smi:org.gfz-potsdam.de/geofon/RMHP(10)_>>_BW(2,2,8)",,,manual,,0.0,293.76868319474977,0.22510773884683433,79.3,0.1236654837786908,0.0,True
texnet2024hrey,TX,PB58,00,CHE,P,2024-04-19 00:33:33.918533,0.3,0.3,Anestis,"smi:org.gfz-potsdam.de/geofon/RMHP(10)_>>_BW(2,2,8)",,,manual,,0.0,349.07469721974064,0.21567072166648865,79.5,-0.00829596201344085,1.0382147571747675,True
texnet2024hrey,TX,PB58,00,CHE,S,2024-04-19 00:33:37.712794,0.3,0.3,Anestis,"smi:org.gfz-potsdam.de/geofon/RMHP(10)_>>_BW(2,2,8)",,,manual,,0.0,349.07469721974064,0.21567072166648865,79.5,0.15289481125975435,0.9265178444843876,True
texnet2024hrey,TX,PB34,00,HH2,P,2024-04-19 00:33:34.467702,0.2,0.2,Anestis,"smi:org.gfz-potsdam.de/geofon/RMHP(10)_>>_BW(2,2,8)",,,manual,,0.0,325.3686753771865,0.22967503097912575,79.3,0.26068304485518823,0.0,True
texnet2024hrey,TX,PB34,00,HH2,S,2024-04-19 00:33:37.762718,0.3,0.3,Anestis,"smi:org.gfz-potsdam.de/geofon/RMHP(10)_>>_BW(2,2,8)",,,manual,,0.0,325.3686753771865,0.22967503097912575,79.3,-0.28750922118375044,0.8545736054277907,True
texnet2024hrey,TX,PB23,00,HHN,P,2024-04-19 00:33:34.567551,0.3,0.3,Anestis,"smi:org.gfz-potsdam.de/geofon/RMHP(10)_>>_BW(2,2,8)",,,manual,,0.0,317.7230436175669,0.23841367300885524,79.2,0.18801231344736724,0.0,True
texnet2024hrey,TX,PB23,00,HHN,S,2024-04-19 00:33:38.212039,0.3,0.3,Anestis,"smi:org.gfz-potsdam.de/geofon/RMHP(10)_>>_BW(2,2,8)",,,manual,,0.0,317.7230436175669,0.23841367300885524,79.2,-0.1400462822191617,0.990863914385599,True
texnet2024hrey,4O,LWM3,00,HHE,S,2024-04-19 00:33:38.711284,0.3,0.3,Anestis,"smi:org.gfz-potsdam.de/geofon/RMHP(10)_>>_BW(2,2,8)",,,manual,,0.0,108.49706250963158,0.24835426302418734,79.1,0.10620217151381262,0.9650933790737526,True
texnet2024hrey,TX,PB12,00,HHN,P,2024-04-19 00:33:34.917022,0.3,0.3,Anestis,"smi:org.gfz-potsdam.de/geofon/RMHP(10)_>>_BW(2,2,8)",,,manual,,0.0,193.08648760694408,0.28254533333250575,79.0,-0.2934326364758526,0.8522270470119493,True
texnet2024hrey,TX,PB12,00,HHN,S,2024-04-19 00:33:40.458641,0.3,0.3,Anestis,"smi:org.gfz-potsdam.de/geofon/RMHP(10)_>>_BW(2,2,8)",,,manual,,0.0,193.08648760694408,0.28254533333250575,79.0,0.6523377760513611,0.0,True
texnet2024hrey,TX,PB31,00,HH2,S,2024-04-19 00:33:39.809622,0.3,0.3,Anestis,"smi:org.gfz-potsdam.de/geofon/RMHP(10)_>>_BW(2,2,8)",,,manual,,0.0,333.097505459293,0.2743038230478148,79.0,0.31664936752550865,0.0,True
texnet2024hrey,TX,PB57,00,CHN,S,2024-04-19 00:33:41.407206,0.3,0.3,Anestis,"smi:org.gfz-potsdam.de/geofon/RMHP(10)_>>_BW(2,2,8)",,,manual,,0.0,346.33291720539376,0.28953593492399227,79.0,1.4084857370739545,0.0,True
texnet2024hrey,TX,DG07,00,CH2,S,2024-04-19 00:33:41.507055,0.3,0.3,Anestis,"smi:org.gfz-potsdam.de/geofon/RMHP(10)_>>_BW(2,2,8)",,,manual,,0.0,96.74479981496498,0.3060858086421986,78.9,1.0141446291294827,0.0,True
texnet2024hrey,TX,PB13,01,HHN,P,2024-04-19 00:33:30.972988,0.3,0.3,Anestis,"smi:org.gfz-potsdam.de/geofon/RMHP(10)_>>_BW(2,2,8)",,,manual,,0.0,26.447469450343103,0.0734658528723579,121.4,-0.32979655749366277,0.805509741078413,True
texnet2024hrey,4O,WB04,00,HHZ,P,2024-04-19 00:33:31.222610,0.3,0.3,Anestis,"smi:org.gfz-potsdam.de/geofon/RMHP(10)_>>_BW(2,2,8)",,,manual,,0.0,306.822582348688,0.07061892083477585,122.8,-0.03432522088446621,1.0401324164987582,True
texnet2024hrey,4O,LWM1,0K,HHN,S,2024-04-19 00:33:41.756677,0.3,0.3,Anestis,"smi:org.gfz-potsdam.de/geofon/RMHP(10)_>>_BW(2,2,8)",,,manual,,0.0,139.9707108264406,0.33678552252831084,78.8,0.24085716604177776,0.0,True
