n_event,n_origin,event_id,event_time,latitude,latitude_uncertainty,longitude,longitude_uncertainty,depth,depth_uncertainty,rms,region,method,earth_model,event_type,magnitude,magnitude_type,n_P_phases,n_S_phases,preferred_origin
178,0,ESG2024vnjr,2024-11-02 03:54:38.637710,4.880300371877072,1.1451981394114712,-75.35224044826309,1.7062867272153504,2131.6964285714284,2517.4954350239977,0.05900962274830698,Colombia,NonLinLoc,Nereidas,earthquake,0.44,ML,5,5,True
178,1,ESG2024vnjr,2024-11-02 03:54:38.659999,4.8825,0.6363961030678927,-75.34266666666667,0.6363961030678927,2110.0,1000.0,0.05,Colombia,Hypo71,RSNC,earthquake,0.44,ML,5,5,False
177,0,ESG2024vnrn,2024-11-02 07:51:47.673550,4.914339841615896,2.2916389692247185,-75.37934746146176,3.1624016537621196,7665.178571428572,2388.871303608036,0.06837601727916093,Colombia,NonLinLoc,Nereidas,earthquake,0.86,ML,4,4,False
177,1,ESG2024vnrn,2024-11-02 07:51:47.673550,4.914339841615896,2.2916389692247185,-75.37934746146176,3.1624016537621196,7665.178571428572,2388.871303608036,0.06837601727916093,Colombia,NonLinLoc,Nereidas,earthquake,0.86,ML,4,4,False
177,2,ESG2024vnrn,2024-11-02 07:51:47.740013,4.911674829750223,1.5016066099200127,-75.38660523329823,2.084111068389821,7366.071428571428,1405.1606737259353,0.06972460272520427,Colombia,NonLinLoc,Nereidas,earthquake,0.86,ML,7,7,False
177,3,ESG2024vnrn,2024-11-02 07:51:47.740013,4.911674829750223,1.5016066099200127,-75.38660523329823,2.084111068389821,7366.071428571428,1405.1606737259353,0.06972460272520427,Colombia,NonLinLoc,Nereidas,earthquake,0.86,ML,7,7,False
177,4,ESG2024vnrn,2024-11-02 07:51:47.666100,4.908404133369624,1.5053408272826823,-75.38084190100945,2.096534898018322,7515.625,1493.672037803926,0.0719883425844344,Colombia,NonLinLoc,Nereidas,earthquake,0.86,ML,7,7,True
177,5,ESG2024vnrn,2024-11-02 07:51:47.679999,4.923333333333334,0.8485281374238569,-75.37916666666666,0.8485281374238569,8370.0,700.0,0.07,Colombia,Hypo71,RSNC,earthquake,0.86,ML,7,7,False
177,6,ESG2024vnrn,2024-11-02 07:51:47.590000,4.919666666666666,0.9899494936611664,-75.372,0.9899494936611664,8560.0,800.0,0.07,Colombia,Hypo71,RSNC,earthquake,0.86,ML,7,7,False
176,0,ESG2024vnro,2024-11-02 07:53:47.194663,4.915308936839777,1.5066601445311103,-75.37593203135643,2.5402055181995897,6468.75,1835.1490789772008,0.05051683462023293,Colombia,NonLinLoc,Nereidas,earthquake,0.69,ML,5,4,True
176,1,ESG2024vnro,2024-11-02 07:53:47.170000,4.926333333333333,0.7071067811865475,-75.3715,0.7071067811865475,7290.0,700.0,0.04,Colombia,Hypo71,RSNC,earthquake,0.69,ML,5,4,False
175,0,ESG2024vnrp,2024-11-02 07:53:50.129723,4.906587079824847,1.7910905635084917,-75.38873995992283,2.8694958583627943,7665.178571428572,1665.380633522248,0.03467902748524098,Colombia,NonLinLoc,Nereidas,earthquake,0.63,ML,4,4,True
175,1,ESG2024vnrp,2024-11-02 07:53:50.090000,4.918666666666667,0.7071067811865475,-75.37983333333334,0.7071067811865475,8590.0,500.0,0.03,Colombia,Hypo71,RSNC,earthquake,0.63,ML,4,4,False
174,0,ESG2024vnrq,2024-11-02 07:55:16.482893,4.917731674899479,1.5870303595723017,-75.38276274214995,2.4092414355202165,5870.535714285715,2033.4314764388903,0.16586536973116997,Colombia,NonLinLoc,Nereidas,earthquake,0.6,ML,4,4,True
174,1,ESG2024vnrq,2024-11-02 07:55:16.769999,4.921833333333334,2.82842712474619,-75.38083333333333,2.82842712474619,5390.0,3000.0,0.19,Colombia,Hypo71,RSNC,earthquake,0.6,ML,4,4,False
173,0,ESG2024vnst,2024-11-02 08:30:12.512298,4.915430073742762,1.4439729714877951,-75.37614548841327,1.9853061816085218,6917.410714285715,1647.35367552582,0.05218634673517753,Colombia,NonLinLoc,Nereidas,earthquake,1.93,ML,7,7,True
173,1,ESG2024vnst,2024-11-02 08:30:12.449999,4.928833333333333,0.4949747468305832,-75.36533333333334,0.4949747468305832,7490.0,600.0,0.04,Colombia,Hypo71,RSNC,earthquake,1.93,ML,7,7,False
172,0,ESG2024vnta,2024-11-02 08:37:58.865511,4.910463460720371,1.5600118440779007,-75.37849376288995,2.2488081972065306,7066.964285714284,1632.3858834977375,0.05790788336958309,Colombia,NonLinLoc,Nereidas,earthquake,0.56,ML,5,5,True
172,1,ESG2024vnta,2024-11-02 08:37:58.859999,4.920666666666667,0.7071067811865475,-75.36883333333333,0.7071067811865475,7670.0,700.0,0.04,Colombia,Hypo71,RSNC,earthquake,0.56,ML,5,5,False
171,0,ESG2024vnti,2024-11-02 08:47:17.606699,4.914339841615896,1.7502542173150384,-75.37934746146176,2.733373038402004,7066.964285714284,1846.51035736773,0.05074079086681921,Colombia,NonLinLoc,Nereidas,earthquake,0.46,ML,4,4,True
171,1,ESG2024vnti,2024-11-02 08:47:17.589999,4.925833333333333,1.0606601717798212,-75.37133333333334,1.0606601717798212,7760.0,1000.0,0.05,Colombia,Hypo71,RSNC,earthquake,0.46,ML,4,4,False
170,0,ESG2024vntn,2024-11-02 08:52:40.433654,4.90973663930246,1.582458150610156,-75.38489760125917,2.3120639965565575,7366.071428571428,1526.4491229005723,0.05238484951928198,Colombia,NonLinLoc,Nereidas,earthquake,0.39,ML,5,5,True
170,1,ESG2024vntn,2024-11-02 08:52:40.450000,4.919666666666666,0.8485281374238569,-75.37766666666667,0.8485281374238569,8070.0,700.0,0.05,Colombia,Hypo71,RSNC,earthquake,0.39,ML,5,5,False
169,0,ESG2024vntq,2024-11-02 08:56:09.733624,4.910948008332312,1.4733497107296794,-75.37934758725652,2.0164727093696047,7066.964285714284,1491.6244155771346,0.04680384239111331,Colombia,NonLinLoc,Nereidas,earthquake,1.91,ML,7,7,True
169,1,ESG2024vntq,2024-11-02 08:56:09.660000,4.922666666666666,0.565685424949238,-75.371,0.565685424949238,8030.0,500.0,0.04,Colombia,Hypo71,RSNC,earthquake,1.91,ML,7,7,False
168,0,ESG2024vnug,2024-11-02 09:15:03.996088,4.911674829750223,1.783494148758754,-75.37977448224851,2.792445206698666,7366.071428571428,1907.994485976815,0.04277037018616789,Colombia,NonLinLoc,Nereidas,earthquake,0.41,ML,4,4,True
168,1,ESG2024vnug,2024-11-02 09:15:03.930000,4.925166666666667,0.8485281374238569,-75.368,0.8485281374238569,8110.0,800.0,0.04,Colombia,Hypo71,RSNC,earthquake,0.41,ML,4,4,False
167,0,ESG2024vnux,2024-11-02 09:34:52.955454,4.90900981788455,1.8103713263132033,-75.38361686144587,2.8254105201840343,7665.178571428572,1781.081263494599,0.04733444738622523,Colombia,NonLinLoc,Nereidas,earthquake,0.61,ML,4,4,True
167,1,ESG2024vnux,2024-11-02 09:34:52.990000,4.922,1.0606601717798212,-75.37133333333334,1.0606601717798212,7920.0,1000.0,0.05,Colombia,Hypo71,RSNC,earthquake,0.61,ML,4,4,False
166,0,ESG2024vnvr,2024-11-02 09:57:40.816569,4.916399168966643,1.501580801923416,-75.37315697301938,2.1685581404849885,6618.303571428572,1803.726894748798,0.07428130869407207,Colombia,NonLinLoc,Nereidas,earthquake,0.83,ML,6,6,True
166,1,ESG2024vnvr,2024-11-02 09:57:40.780000,4.9265,0.9899494936611664,-75.36583333333333,0.9899494936611664,7510.0,1100.0,0.07,Colombia,Hypo71,RSNC,earthquake,0.83,ML,6,6,False
165,0,ESG2024vnvu,2024-11-02 10:01:55.959063,4.912643924974104,1.9023379856612765,-75.38660520791058,4.114030525577028,7366.071428571428,2410.672550947357,0.04085794493314508,Colombia,NonLinLoc,Nereidas,earthquake,0.21,ML,4,3,True
165,1,ESG2024vnvu,2024-11-02 10:01:55.939999,4.925333333333334,1.414213562373095,-75.37816666666667,1.414213562373095,8050.0,900.0,0.04,Colombia,Hypo71,RSNC,earthquake,0.21,ML,4,3,False
164,0,ESG2024vnvv,2024-11-02 10:02:31.730659,4.912401651168134,1.5953210948917873,-75.3759321541069,2.345624297498194,7665.178571428572,1682.550068988263,0.0638733863391113,Colombia,NonLinLoc,Nereidas,earthquake,0.72,ML,6,6,True
164,1,ESG2024vnvv,2024-11-02 10:02:31.670000,4.923666666666667,1.0606601717798212,-75.36883333333333,1.0606601717798212,8690.0,1000.0,0.06,Colombia,Hypo71,RSNC,earthquake,0.72,ML,6,6,False
163,0,ESG2024vodw,2024-11-02 14:06:56.538651,4.90900981788455,1.7516160644427754,-75.38532454238431,2.845761532496423,7665.178571428572,1659.1685387683992,0.04560900970954993,Colombia,NonLinLoc,Nereidas,earthquake,1.35,ML,5,5,True
163,1,ESG2024vodw,2024-11-02 14:06:56.490000,4.9215,0.7778174593052023,-75.3745,0.7778174593052023,8470.0,700.0,0.04,Colombia,Hypo71,RSNC,earthquake,1.35,ML,5,5,False
162,0,ESG2024voec,2024-11-02 14:13:53.031167,4.914339841615896,1.6966916949115878,-75.37934746146176,2.699564241808089,7066.964285714284,1806.6511633907412,0.06581052184322794,Colombia,NonLinLoc,Nereidas,earthquake,0.93,ML,5,5,True
162,1,ESG2024voec,2024-11-02 14:13:52.969999,4.926333333333333,1.131370849898476,-75.36966666666666,1.131370849898476,7820.0,1100.0,0.06,Colombia,Hypo71,RSNC,earthquake,0.93,ML,5,5,False
161,0,ESG2024vogu,2024-11-02 15:34:43.324289,4.916762579675598,1.433957524409162,-75.37422426915316,1.9440700215413127,6468.75,1715.7069562041547,0.0496540161922113,Colombia,NonLinLoc,Nereidas,earthquake,1.31,ML,7,7,False
161,1,ESG2024vogu,2024-11-02 15:34:43.324289,4.916762579675598,1.433957524409162,-75.37422426915316,1.9440700215413127,6468.75,1715.7069562041547,0.0496540161922113,Colombia,NonLinLoc,Nereidas,earthquake,1.31,ML,7,7,True
161,2,ESG2024vogu,2024-11-02 15:34:43.280000,4.928166666666667,0.4949747468305832,-75.36616666666667,0.4949747468305832,7200.0,600.0,0.04,Colombia,Hypo71,RSNC,earthquake,1.31,ML,7,7,False
160,0,ESG2024voiw,2024-11-02 16:38:41.860269,4.91397643090694,1.48237525292393,-75.37913401323661,2.1293582131671425,6618.303571428572,1577.38022545658,0.04802343682083464,Colombia,NonLinLoc,Nereidas,earthquake,1.31,ML,6,6,True
160,1,ESG2024voiw,2024-11-02 16:38:41.820000,4.925,0.565685424949238,-75.37116666666667,0.565685424949238,7360.0,600.0,0.04,Colombia,Hypo71,RSNC,earthquake,1.31,ML,6,6,False
158,0,ESG2024vojc,2024-11-02 16:45:22.724608,4.913370746392014,1.4773000773548624,-75.37849365135862,2.0240094382608076,7066.964285714284,1563.3952785102797,0.04296927858370595,Colombia,NonLinLoc,Nereidas,earthquake,1.63,ML,7,7,True
158,1,ESG2024vojc,2024-11-02 16:45:22.679999,4.925666666666666,0.42426406871192845,-75.36883333333333,0.42426406871192845,7740.0,500.0,0.04,Colombia,Hypo71,RSNC,earthquake,1.63,ML,7,7,False
157,0,ESG2024vojg,2024-11-02 16:49:37.556070,4.934690841317399,2.6027818758411376,-75.3784928314203,2.504971309293107,5870.535714285715,2854.04668256031,0.035412734777649016,Colombia,NonLinLoc,Nereidas,earthquake,0.66,ML,4,4,True
157,1,ESG2024vojg,2024-11-02 16:49:37.500000,4.949333333333334,0.6363961030678927,-75.36683333333333,0.6363961030678927,5710.0,1000.0,0.04,Colombia,Hypo71,RSNC,earthquake,0.66,ML,4,4,False
155,0,ESG2024vojq,2024-11-02 17:01:35.412620,4.91397643090694,1.6959115936677198,-75.37913401323661,2.1439267461630176,7515.625,1640.8757730332993,0.05685440501818138,Colombia,NonLinLoc,Nereidas,earthquake,1.32,ML,6,6,True
155,1,ESG2024vojq,2024-11-02 17:01:35.350000,4.925833333333333,0.6363961030678927,-75.37133333333334,0.6363961030678927,8540.0,600.0,0.05,Colombia,Hypo71,RSNC,earthquake,1.32,ML,6,6,False
156,0,ESG2024vojr,2024-11-02 17:00:53.960036,4.90997891310843,1.8930231423121733,-75.38873988198876,2.9377919934481707,7665.178571428572,1711.519013918719,0.044307182754365876,Colombia,NonLinLoc,Nereidas,earthquake,0.62,ML,4,4,True
156,1,ESG2024vojr,2024-11-02 17:00:53.890000,4.922333333333333,0.7071067811865475,-75.38,0.7071067811865475,8710.0,600.0,0.04,Colombia,Hypo71,RSNC,earthquake,0.62,ML,4,4,False
154,0,ESG2024volh,2024-11-02 17:51:14.505896,4.91373415710097,1.4693126883074492,-75.37742632926371,1.9977387718141326,6917.410714285715,1586.9782624311454,0.05378729596920452,Colombia,NonLinLoc,Nereidas,earthquake,1.53,ML,7,7,True
154,1,ESG2024volh,2024-11-02 17:51:14.439999,4.925833333333333,0.565685424949238,-75.36833333333334,0.565685424949238,7710.0,600.0,0.04,Colombia,Hypo71,RSNC,earthquake,1.53,ML,7,7,False
153,0,ESG2024vonq,2024-11-02 19:02:33.268180,4.914703252324851,1.4663211250081278,-75.37614551887569,2.002973075245935,6917.410714285715,1623.4867603301875,0.05257950057161391,Colombia,NonLinLoc,Nereidas,earthquake,2.25,ML,7,7,True
153,1,ESG2024vonq,2024-11-02 19:02:33.200000,4.9275,0.565685424949238,-75.36683333333333,0.565685424949238,7650.0,600.0,0.04,Colombia,Hypo71,RSNC,earthquake,2.25,ML,7,7,False
152,0,ESG2024voop,2024-11-02 19:32:19.252327,4.916278032063658,1.8808796704468718,-75.38959358688847,4.312000272103552,7665.178571428572,2435.079931817507,0.0656775681932568,Colombia,NonLinLoc,Nereidas,earthquake,0.86,ML,5,5,True
152,1,ESG2024voop,2024-11-02 19:32:19.160000,4.9275,1.5556349186104046,-75.39183333333334,1.5556349186104046,9100.0,800.0,0.05,Colombia,Hypo71,RSNC,earthquake,0.86,ML,5,5,False
151,0,ESG2024voos,2024-11-02 19:35:50.258683,4.917125990384553,1.4669985176308689,-75.37870696991497,2.026604395638188,6917.410714285715,1580.922404021062,0.06553048324866395,Colombia,NonLinLoc,Nereidas,earthquake,1.26,ML,7,7,True
151,1,ESG2024voos,2024-11-02 19:35:50.200000,4.929833333333333,0.7071067811865475,-75.37,0.7071067811865475,7680.0,800.0,0.06,Colombia,Hypo71,RSNC,earthquake,1.26,ML,7,7,False
150,0,ESG2024vopd,2024-11-02 19:47:41.614773,4.921971466503959,1.1425994018384207,-75.36120271511946,1.0584540913031897,5421.875,1381.0724796921875,0.0913374826626166,Colombia,NonLinLoc,Nereidas,earthquake,2.26,ML,8,8,True
150,1,ESG2024vopd,2024-11-02 19:47:41.570000,4.930666666666667,0.7071067811865475,-75.36066666666666,0.7071067811865475,6970.0,900.0,0.08,Colombia,Hypo71,RSNC,earthquake,2.26,ML,8,8,False
149,0,ESG2024vope,2024-11-02 19:49:09.960770,4.911674829750223,2.493285809156778,-75.46345118260756,5.884428249281136,7366.071428571428,3773.7680823989454,0.18845859221630182,Colombia,NonLinLoc,Nereidas,earthquake,0.66,ML,4,4,False
149,1,ESG2024vope,2024-11-02 19:49:10.310004,4.904164341765144,1.921810013214804,-75.39642452399022,2.999476741999964,8263.392857142855,1626.9866629746862,0.06727304314701611,Colombia,NonLinLoc,Nereidas,earthquake,0.66,ML,4,4,True
149,2,ESG2024vope,2024-11-02 19:49:10.279999,4.915,1.2727922061357855,-75.38766666666666,1.2727922061357855,9300.0,800.0,0.06,Colombia,Hypo71,RSNC,earthquake,0.66,ML,4,4,False
148,0,ESG2024vopf,2024-11-02 19:49:36.713902,4.919306454638287,1.3069975364460573,-75.36376444776673,1.226621858452846,6020.089285714284,1330.928423363462,0.10239862298900881,Colombia,NonLinLoc,Nereidas,earthquake,1.03,ML,7,7,True
148,1,ESG2024vopf,2024-11-02 19:49:36.710000,4.922333333333333,0.8485281374238569,-75.372,0.8485281374238569,8190.0,700.0,0.07,Colombia,Hypo71,RSNC,earthquake,1.03,ML,7,7,False
146,0,ESG2024vosm,2024-11-02 21:30:05.206194,4.921486918892019,1.1613739805593692,-75.35949503341801,1.104849877147809,5421.875,1438.527246486565,0.0839035577828988,Colombia,NonLinLoc,Nereidas,earthquake,1.8,ML,7,7,True
146,1,ESG2024vosm,2024-11-02 21:30:05.150000,4.9345,0.565685424949238,-75.34633333333333,0.565685424949238,5140.0,1100.0,0.08,Colombia,Hypo71,RSNC,earthquake,1.8,ML,7,7,False
145,0,ESG2024vosy,2024-11-02 21:43:03.330696,4.924878752175602,1.4616514350269538,-75.36077559733938,1.3670787023506243,5720.982142857142,1878.8697966594773,0.09647063630969442,Colombia,NonLinLoc,Nereidas,earthquake,2.6,ML,8,8,False
145,1,ESG2024vosy,2024-11-02 21:43:03.439919,4.918579633220376,1.1032923461845983,-75.36034908084987,1.0252993943985063,5122.767857142858,1353.6830718228657,0.08036110633038498,Colombia,NonLinLoc,Nereidas,earthquake,2.6,ML,8,8,True
145,2,ESG2024vosy,2024-11-02 21:43:03.430000,4.925,0.565685424949238,-75.363,0.565685424949238,6830.0,600.0,0.06,Colombia,Hypo71,RSNC,earthquake,2.6,ML,8,8,False
143,0,ESG2024vovf,2024-11-02 22:52:00.134002,4.919791002250227,1.129782331349711,-75.35864129272434,1.049428810425518,5421.875,1375.6684134118407,0.10161934870837559,Colombia,NonLinLoc,Nereidas,earthquake,1.05,ML,8,8,True
143,1,ESG2024vovf,2024-11-02 22:52:00.030000,4.934,0.6363961030678927,-75.34433333333334,0.6363961030678927,5200.0,1400.0,0.1,Colombia,Hypo71,RSNC,earthquake,1.05,ML,8,8,False
141,0,ESG2024vozd,2024-11-03 00:50:49.765218,4.918821907026346,1.2863807695827139,-75.35992213841948,1.209414666407978,5421.875,1441.7347171959673,0.0664697835465998,Colombia,NonLinLoc,Nereidas,earthquake,0.69,ML,6,6,True
141,1,ESG2024vozd,2024-11-03 00:50:49.700000,4.931166666666667,0.42426406871192845,-75.34733333333334,0.42426406871192845,5490.0,900.0,0.06,Colombia,Hypo71,RSNC,earthquake,0.69,ML,6,6,False
139,0,ESG2024vozn,2024-11-03 01:02:59.948847,4.920033276056198,1.100690032876592,-75.36205669456734,1.0129374134120979,5122.767857142858,1364.5434726270832,0.08639595570019551,Colombia,NonLinLoc,Nereidas,earthquake,2.6,ML,8,8,True
139,1,ESG2024vozn,2024-11-03 01:02:59.939999,4.927833333333333,0.6363961030678927,-75.363,0.6363961030678927,6550.0,800.0,0.07,Colombia,Hypo71,RSNC,earthquake,2.6,ML,8,8,False
137,0,ESG2024vpfq,2024-11-03 04:08:01.513331,4.920396686765153,1.08979229315091,-75.3609893528013,1.002660197921184,4973.214285714285,1408.8719645919236,0.08028147717241003,Colombia,NonLinLoc,Nereidas,earthquake,2.36,ML,8,8,True
137,1,ESG2024vpfq,2024-11-03 04:08:01.429999,4.9335,0.4949747468305832,-75.34883333333333,0.4949747468305832,4850.0,1000.0,0.08,Colombia,Hypo71,RSNC,earthquake,2.36,ML,8,8,False
136,0,ESG2024vpfy,2024-11-03 04:18:01.558748,4.920638960571122,2.429979461982511,-75.37337024000787,4.0151691613237706,7066.964285714284,3343.2875264856925,0.05678780006140244,Colombia,NonLinLoc,Nereidas,earthquake,0.4,ML,4,4,True
136,1,ESG2024vpfy,2024-11-03 04:18:01.490000,4.932833333333333,1.414213562373095,-75.36766666666666,1.414213562373095,8130.0,1600.0,0.05,Colombia,Hypo71,RSNC,earthquake,0.4,ML,4,4,False
135,0,ESG2024vpni,2024-11-03 08:01:56.923080,4.924030793854707,1.6759840510666133,-75.36226990706454,2.5286569455951655,5870.535714285715,2612.444529940454,0.12317024307128688,Colombia,NonLinLoc,Nereidas,earthquake,0.63,ML,4,4,True
135,1,ESG2024vpni,2024-11-03 08:01:57.109999,4.9265,1.2020815280171306,-75.36916666666667,1.2020815280171306,7190.0,1200.0,0.06,Colombia,Hypo71,RSNC,earthquake,0.63,ML,4,4,False
133,0,ESG2024vpnx,2024-11-03 08:20:15.944837,4.9224560141159,1.2909757123608878,-75.3624834704535,1.1659561793327964,4823.660714285715,1541.051067809785,0.103520554857248,Colombia,NonLinLoc,Nereidas,earthquake,0.51,ML,5,5,True
133,1,ESG2024vpnx,2024-11-03 08:20:16.019999,4.931,0.7778174593052023,-75.3595,0.7778174593052023,5080.0,1300.0,0.09,Colombia,Hypo71,RSNC,earthquake,0.51,ML,5,5,False
134,0,ESG2024vpny,2024-11-03 08:19:23.045831,4.923546246242767,1.2351966366227807,-75.36397765572389,1.1269142380617432,5272.321428571428,1389.8696675368199,0.087871764820484,Colombia,NonLinLoc,Nereidas,earthquake,0.91,ML,7,7,True
134,1,ESG2024vpny,2024-11-03 08:19:22.980000,4.935666666666666,0.565685424949238,-75.352,0.565685424949238,5280.0,1100.0,0.08,Colombia,Hypo71,RSNC,earthquake,0.91,ML,7,7,False
132,0,ESG2024vpoi,2024-11-03 08:32:04.850200,4.920033276056198,1.0779352671135003,-75.36376440375659,1.0101431872337683,4823.660714285715,1337.894990367088,0.06697289803883878,Colombia,NonLinLoc,Nereidas,earthquake,2.0,ML,8,8,True
132,1,ESG2024vpoi,2024-11-03 08:32:04.870000,4.926833333333334,0.4949747468305832,-75.3665,0.4949747468305832,6420.0,600.0,0.09,Colombia,Hypo71,RSNC,earthquake,2.0,ML,8,8,False
131,0,ESG2024vpol,2024-11-03 08:34:52.004094,4.921608055795004,1.1277189680361608,-75.36397777253252,1.1014719101089454,5272.321428571428,1398.3821424309733,0.10297001577627797,Colombia,NonLinLoc,Nereidas,earthquake,0.91,ML,7,7,True
131,1,ESG2024vpol,2024-11-03 08:34:51.929999,4.934833333333334,0.6363961030678927,-75.351,0.6363961030678927,5160.0,1200.0,0.1,Colombia,Hypo71,RSNC,earthquake,0.91,ML,7,7,False
130,0,ESG2024vpql,2024-11-03 09:35:48.870225,4.921608055795004,1.2165753516835764,-75.36227005930219,1.1112371630801112,4674.107142857142,1519.9283484136072,0.1207489286936566,Colombia,NonLinLoc,Nereidas,earthquake,0.76,ML,6,6,True
130,1,ESG2024vpql,2024-11-03 09:35:48.899999,4.928833333333333,0.7778174593052023,-75.36483333333334,0.7778174593052023,6100.0,1000.0,0.07,Colombia,Hypo71,RSNC,earthquake,0.76,ML,6,6,False
128,0,ESG2024vprw,2024-11-03 10:19:09.563264,4.921729192697989,1.2901904928954788,-75.36333737265538,1.2109425277263757,5122.767857142858,1478.8186254323762,0.10091388425042433,Colombia,NonLinLoc,Nereidas,earthquake,0.59,ML,5,5,True
128,1,ESG2024vprw,2024-11-03 10:19:09.630000,4.928166666666667,0.9192388155425117,-75.364,0.9192388155425117,6160.0,1100.0,0.08,Colombia,Hypo71,RSNC,earthquake,0.59,ML,5,5,False
126,0,ESG2024vptq,2024-11-03 11:13:05.282246,4.92269828792187,1.1107595462699396,-75.36034881027228,1.0146128899005826,5122.767857142858,1413.4616949012845,0.0931997553547568,Colombia,NonLinLoc,Nereidas,earthquake,1.95,ML,8,8,True
126,1,ESG2024vptq,2024-11-03 11:13:05.219999,4.9355,0.565685424949238,-75.34866666666667,0.565685424949238,4990.0,1200.0,0.09,Colombia,Hypo71,RSNC,earthquake,1.95,ML,8,8,False
125,0,ESG2024vpup,2024-11-03 11:41:51.278385,4.915066663033807,1.708402565954468,-75.38233590328693,2.645895087706446,6767.857142857142,1832.0526922000076,0.07635134093600726,Colombia,NonLinLoc,Nereidas,earthquake,0.29,ML,4,4,True
125,1,ESG2024vpup,2024-11-03 11:41:51.329999,4.927,1.5556349186104046,-75.37216666666667,1.5556349186104046,6890.0,1600.0,0.08,Colombia,Hypo71,RSNC,earthquake,0.29,ML,4,4,False
124,0,ESG2024vpur,2024-11-03 11:44:14.016992,4.919669865347242,1.4412930414761005,-75.36568559755149,1.9440698398694463,5870.535714285715,1833.4971174518475,0.09189196008222583,Colombia,NonLinLoc,Nereidas,earthquake,0.72,ML,6,5,True
124,1,ESG2024vpur,2024-11-03 11:44:13.919999,4.933833333333333,1.0606601717798212,-75.35183333333333,1.0606601717798212,5970.0,1700.0,0.09,Colombia,Hypo71,RSNC,earthquake,0.72,ML,6,5,False
123,0,ESG2024vpuy,2024-11-03 11:51:56.664466,4.91373415710097,1.4345018697916576,-75.37828017578276,1.964776934617055,6917.410714285715,1573.2892530003178,0.06622737685651481,Colombia,NonLinLoc,Nereidas,earthquake,0.93,ML,7,7,True
123,1,ESG2024vpuy,2024-11-03 11:51:56.630000,4.926333333333333,0.7071067811865475,-75.36883333333333,0.7071067811865475,7540.0,800.0,0.06,Colombia,Hypo71,RSNC,earthquake,0.93,ML,7,7,False
121,0,ESG2024vpvm,2024-11-03 12:08:28.882298,4.915914621354703,1.4842768529409391,-75.38212241329522,2.181129854803898,6917.410714285715,1594.5567071820822,0.06700245526051332,Colombia,NonLinLoc,Nereidas,earthquake,0.78,ML,6,6,True
121,1,ESG2024vpvm,2024-11-03 12:08:28.859999,4.926833333333334,0.7778174593052023,-75.37266666666666,0.7778174593052023,7550.0,800.0,0.06,Colombia,Hypo71,RSNC,earthquake,0.78,ML,6,6,False
120,0,ESG2024vpyj,2024-11-03 13:36:09.260333,4.911674829750223,1.8974378366174172,-75.3900206088231,3.9957765093721,7366.071428571428,2253.139400697641,0.028290885585529224,Colombia,NonLinLoc,Nereidas,earthquake,0.35,ML,4,3,True
120,1,ESG2024vpyj,2024-11-03 13:36:09.240000,4.923333333333334,0.9899494936611664,-75.38216666666666,0.9899494936611664,8190.0,600.0,0.03,Colombia,Hypo71,RSNC,earthquake,0.35,ML,4,3,False
118,0,ESG2024vqcv,2024-11-03 15:51:41.080938,4.920154412959183,1.100423074732866,-75.36483171485848,1.0360302643354493,5272.321428571428,1289.4112773455324,0.08382356963347996,Colombia,NonLinLoc,Nereidas,earthquake,1.49,ML,8,8,True
118,1,ESG2024vqcv,2024-11-03 15:51:41.060000,4.927333333333333,0.6363961030678927,-75.36733333333333,0.6363961030678927,6880.0,700.0,0.07,Colombia,Hypo71,RSNC,earthquake,1.49,ML,8,8,False
117,0,ESG2024vqhz,2024-11-03 18:27:09.653599,4.924636478369632,1.3096168324665978,-75.35522551984644,1.1959420647209142,4225.446428571428,1787.7493489872606,0.11820521051814803,Colombia,NonLinLoc,Nereidas,earthquake,0.88,ML,5,5,True
117,1,ESG2024vqhz,2024-11-03 18:27:09.669999,4.932333333333333,0.8485281374238569,-75.35483333333333,0.8485281374238569,5570.0,1400.0,0.07,Colombia,Hypo71,RSNC,earthquake,0.88,ML,5,5,False
116,0,ESG2024vqiw,2024-11-03 18:54:55.336309,4.915430073742762,1.4808347738401098,-75.38084165622041,2.1580907178054716,6917.410714285715,1597.7455628602243,0.06164167980745762,Colombia,NonLinLoc,Nereidas,earthquake,0.94,ML,6,6,True
116,1,ESG2024vqiw,2024-11-03 18:54:55.310000,4.927,0.7071067811865475,-75.37066666666666,0.7071067811865475,7460.0,800.0,0.05,Colombia,Hypo71,RSNC,earthquake,0.94,ML,6,6,False
115,0,ESG2024vqjd,2024-11-03 19:02:37.331682,4.921365781989033,1.2115525660631519,-75.36098929006538,1.0980836432084269,4973.214285714285,1463.5401628019122,0.09757051576677217,Colombia,NonLinLoc,Nereidas,earthquake,0.93,ML,7,7,True
115,1,ESG2024vqjd,2024-11-03 19:02:37.350000,4.928666666666667,0.7071067811865475,-75.36066666666666,0.7071067811865475,6200.0,1000.0,0.07,Colombia,Hypo71,RSNC,earthquake,0.93,ML,7,7,False
113,0,ESG2024vqmb,2024-11-03 20:31:48.480106,4.920275549862168,1.123370837397016,-75.36291053417965,1.0447931768261316,5421.875,1321.6668273662492,0.07603391733788371,Colombia,NonLinLoc,Nereidas,earthquake,1.5,ML,8,8,True
113,1,ESG2024vqmb,2024-11-03 20:31:48.409999,4.934166666666666,0.4949747468305832,-75.35066666666667,0.4949747468305832,5330.0,900.0,0.07,Colombia,Hypo71,RSNC,earthquake,1.5,ML,8,8,False
111,0,ESG2024vqnh,2024-11-03 21:08:27.517956,4.921608055795004,1.1142564018456733,-75.3597084894567,1.0303673579181747,5272.321428571428,1380.074756381866,0.0934060930480034,Colombia,NonLinLoc,Nereidas,earthquake,1.72,ML,8,8,True
111,1,ESG2024vqnh,2024-11-03 21:08:27.519999,4.929166666666667,0.7071067811865475,-75.35833333333333,0.7071067811865475,6530.0,1000.0,0.08,Colombia,Hypo71,RSNC,earthquake,1.72,ML,8,8,False
110,0,ESG2024vqnm,2024-11-03 21:14:18.103355,4.919306454638287,1.2288035109125655,-75.35949517945525,1.1439829282659122,5421.875,1378.523399389564,0.0588325396451215,Colombia,NonLinLoc,Nereidas,earthquake,1.12,ML,7,7,True
110,1,ESG2024vqnm,2024-11-03 21:14:18.050000,4.932166666666666,0.35355339059327373,-75.34666666666666,0.35355339059327373,5060.0,800.0,0.05,Colombia,Hypo71,RSNC,earthquake,1.12,ML,7,7,False
109,0,ESG2024vqob,2024-11-03 21:32:23.779901,4.914824389227836,1.75768432695191,-75.3793474434839,3.98453613599876,7066.964285714284,2715.2386652797677,0.06334459965515943,Colombia,NonLinLoc,Nereidas,earthquake,0.81,ML,5,5,True
109,1,ESG2024vqob,2024-11-03 21:32:23.719999,4.928666666666667,1.34350288425444,-75.3725,1.34350288425444,7830.0,1100.0,0.05,Colombia,Hypo71,RSNC,earthquake,0.81,ML,5,5,False
108,0,ESG2024vqso,2024-11-03 23:48:16.032763,4.917852811802464,1.0875377458447428,-75.36589916526236,1.017768737673058,5122.767857142858,1258.3338677816128,0.08990577818003678,Colombia,NonLinLoc,Nereidas,earthquake,1.7,ML,8,8,True
108,1,ESG2024vqso,2024-11-03 23:48:15.769999,4.926166666666667,0.6363961030678927,-75.3615,0.6363961030678927,6670.0,800.0,0.08,Colombia,Hypo71,Nereidas,earthquake,1.7,ML,8,8,False
107,0,ESG2024vqsz,2024-11-04 00:01:03.191268,4.923182835533811,1.0926891242542298,-75.36034877842455,0.9946336272929714,4823.660714285715,1531.319765240729,0.09792552684000588,Colombia,NonLinLoc,Nereidas,earthquake,1.86,ML,8,8,True
107,1,ESG2024vqsz,2024-11-04 00:01:03.189999,4.932166666666666,0.4949747468305832,-75.3605,0.4949747468305832,6060.0,800.0,0.06,Colombia,Hypo71,RSNC,earthquake,1.86,ML,8,8,False
106,0,ESG2024vqvj,2024-11-04 01:13:05.597849,4.927301490235306,1.1222563169110908,-75.35906771170227,1.0592850236421212,5122.767857142858,1535.6247998353042,0.09828135979283747,Colombia,NonLinLoc,Nereidas,earthquake,2.62,ML,8,8,True
106,1,ESG2024vqvj,2024-11-04 01:13:05.540000,4.937666666666667,0.7071067811865475,-75.3555,0.7071067811865475,6390.0,1100.0,0.08,Colombia,Hypo71,RSNC,earthquake,2.62,ML,8,8,False
103,0,ESG2024vrkk,2024-11-04 08:49:47.199122,4.914824389227836,1.7457361857422407,-75.36995511640802,2.688177127449654,7066.964285714284,2235.8897028459996,0.04627422276775183,Colombia,NonLinLoc,Nereidas,earthquake,0.49,ML,4,4,True
103,1,ESG2024vrkk,2024-11-04 08:49:47.200000,4.928,0.9192388155425117,-75.35616666666667,0.9192388155425117,7060.0,1200.0,0.05,Colombia,Hypo71,RSNC,earthquake,0.49,ML,4,4,False
102,0,ESG2024vrnc,2024-11-04 10:11:04.614204,4.916520305869629,1.2913345916210688,-75.35245110272348,1.225117091527103,4973.214285714285,1635.282768430673,0.08854716364185944,Colombia,NonLinLoc,Nereidas,earthquake,1.04,ML,6,5,True
102,1,ESG2024vrnc,2024-11-04 10:11:04.610000,4.926,0.7071067811865475,-75.3515,0.7071067811865475,6270.0,1000.0,0.06,Colombia,Hypo71,RSNC,earthquake,1.04,ML,6,5,False
101,0,ESG2024vros,2024-11-04 11:00:21.420617,4.915066663033807,1.4699682467716906,-75.38233590328693,1.9299860525280523,6767.857142857142,1363.5660220450181,0.05968285556255724,Colombia,NonLinLoc,Nereidas,earthquake,0.86,ML,6,5,True
101,1,ESG2024vros,2024-11-04 11:00:21.410000,4.9245,0.6363961030678927,-75.37633333333333,0.6363961030678927,7580.0,600.0,0.04,Colombia,Hypo71,RSNC,earthquake,0.86,ML,6,5,False
100,0,ESG2024vrpk,2024-11-04 11:20:30.591649,4.917731674899479,1.5467461230062893,-75.36824726422371,2.5996027705592843,6468.75,2051.4666635435924,0.05902796136313663,Colombia,NonLinLoc,Nereidas,earthquake,0.73,ML,5,4,True
100,1,ESG2024vrpk,2024-11-04 11:20:30.589999,4.928166666666667,0.8485281374238569,-75.3635,0.8485281374238569,7210.0,1000.0,0.05,Colombia,Hypo71,RSNC,earthquake,0.73,ML,5,4,False
99,0,ESG2024vrue,2024-11-04 13:44:57.385086,4.812948253817336,1.5629982822133937,-75.41371336289482,3.0660309132371633,1832.5892857142853,2204.250989913399,0.0552199656412594,Colombia,NonLinLoc,Nereidas,earthquake,0.45,ML,4,4,True
99,1,ESG2024vrue,2024-11-04 13:44:57.329999,4.797833333333333,0.9192388155425117,-75.41683333333333,0.9192388155425117,1600.0,900.0,0.03,Colombia,Hypo71,RSNC,earthquake,0.45,ML,4,4,False
98,0,ESG2024vruo,2024-11-04 13:56:47.077873,4.922092603406944,1.1167997846919169,-75.36483160057173,1.0437631467963784,5272.321428571428,1322.0471844219105,0.0717901411018601,Colombia,NonLinLoc,Nereidas,earthquake,1.93,ML,8,8,True
98,1,ESG2024vruo,2024-11-04 13:56:47.020000,4.9355,0.42426406871192845,-75.354,0.42426406871192845,5280.0,800.0,0.06,Colombia,Hypo71,RSNC,earthquake,1.93,ML,8,8,False
96,0,ESG2024vrwo,2024-11-04 14:57:29.551322,4.915551210645747,1.2955749982210738,-75.37123585246286,1.5836145577130127,6169.642857142857,1392.3412221424092,0.08114256643098429,Colombia,NonLinLoc,Nereidas,earthquake,1.58,ML,8,7,True
96,1,ESG2024vrwo,2024-11-04 14:57:29.519999,4.9255,0.7778174593052023,-75.36416666666666,0.7778174593052023,6900.0,900.0,0.08,Colombia,Hypo71,RSNC,earthquake,1.58,ML,8,7,False
96,2,ESG2024vrwo,2024-11-04 14:57:29.510000,4.9255,0.7778174593052023,-75.3645,0.7778174593052023,7010.0,800.0,0.07,Colombia,Hypo71,RSNC,earthquake,1.58,ML,8,7,False
93,0,ESG2024vtii,2024-11-05 10:02:41.607457,4.920396686765153,1.2426442759905827,-75.3609893528013,1.1506066964085446,4973.214285714285,1493.4753035777662,0.10083257479751213,Colombia,NonLinLoc,Nereidas,earthquake,0.86,ML,6,6,True
93,1,ESG2024vtii,2024-11-05 10:02:41.630000,4.927,0.7071067811865475,-75.364,0.7071067811865475,6540.0,900.0,0.06,Colombia,Hypo71,RSNC,earthquake,0.86,ML,6,6,False
91,0,ESG2024vtjb,2024-11-05 10:24:34.879841,4.915793484451718,1.4904947466284628,-75.36056272604714,2.461676286883267,5272.321428571428,2433.2150063120266,0.0861575986109659,Colombia,NonLinLoc,Nereidas,earthquake,0.7,ML,4,3,True
91,1,ESG2024vtjb,2024-11-05 10:24:34.820000,4.929,1.34350288425444,-75.34966666666666,1.34350288425444,5300.0,2100.0,0.07,Colombia,Hypo71,RSNC,earthquake,0.7,ML,4,3,False
90,0,ESG2024vtjm,2024-11-05 10:37:51.691059,4.913128472586044,1.5661327521451383,-75.36867443460989,2.606758843213971,6767.857142857142,1987.7610325163387,0.08002752721868575,Colombia,NonLinLoc,Nereidas,earthquake,0.57,ML,5,4,True
90,1,ESG2024vtjm,2024-11-05 10:37:51.719999,4.9225,1.2020815280171306,-75.36333333333333,1.2020815280171306,7400.0,1300.0,0.06,Colombia,Hypo71,RSNC,earthquake,0.57,ML,5,4,False
89,0,ESG2024vtjr,2024-11-05 10:43:34.163987,4.924030793854707,1.2647954404402961,-75.35287745009002,1.102723544503532,4075.892857142858,1788.0959216742435,0.1143592153220134,Colombia,NonLinLoc,Nereidas,earthquake,1.19,ML,6,6,True
89,1,ESG2024vtjr,2024-11-05 10:43:34.189999,4.930833333333333,0.565685424949238,-75.355,0.565685424949238,5850.0,1000.0,0.06,Colombia,Hypo71,RSNC,earthquake,1.19,ML,6,6,False
88,0,ESG2024vtkk,2024-11-05 11:05:47.569017,4.884782437287522,2.2260893814953935,-75.38361760240362,4.814974287522222,5272.321428571428,3015.1089122292624,0.03921873097750392,Colombia,NonLinLoc,Nereidas,earthquake,0.36,ML,4,3,True
88,1,ESG2024vtkk,2024-11-05 11:05:47.530000,4.889666666666667,1.2727922061357855,-75.37666666666667,1.2727922061357855,6300.0,800.0,0.03,Colombia,Hypo71,RSNC,earthquake,0.36,ML,4,3,False
87,0,ESG2024vtlb,2024-11-05 11:24:58.004788,4.867944407772588,1.541951455584616,-75.38127019782507,2.52559657497114,5421.875,1556.770032856308,0.052989110139712,Colombia,NonLinLoc,Nereidas,earthquake,0.56,ML,4,4,True
87,1,ESG2024vtlb,2024-11-05 11:24:57.960000,4.868,0.6363961030678927,-75.36966666666666,0.6363961030678927,6320.0,500.0,0.03,Colombia,Hypo71,RSNC,earthquake,0.56,ML,4,4,False
86,0,ESG2024vtlc,2024-11-05 11:26:16.883602,4.896896127586036,1.6495082235189296,-75.35800248287524,2.191141513094189,4075.892857142858,2954.2077083907675,0.06040086575773222,Colombia,NonLinLoc,Nereidas,earthquake,0.79,ML,6,5,True
86,1,ESG2024vtlc,2024-11-05 11:26:16.809999,4.901666666666666,0.35355339059327373,-75.3475,0.35355339059327373,4500.0,800.0,0.04,Colombia,Hypo71,RSNC,earthquake,0.79,ML,6,5,False
85,0,ESG2024vtms,2024-11-05 12:15:19.185651,4.903800931056189,1.068857166825923,-75.33345428497806,0.9786359623725301,935.267857142857,2173.0128666745177,0.21379911773303797,Colombia,NonLinLoc,Nereidas,earthquake,0.83,ML,6,6,True
85,1,ESG2024vtms,2024-11-05 12:15:19.390000,4.890833333333333,0.8485281374238569,-75.35766666666666,0.8485281374238569,5740.0,1000.0,0.07,Colombia,Hypo71,RSNC,earthquake,0.83,ML,6,6,False
84,0,ESG2024vtpb,2024-11-05 13:27:06.241167,4.894109978817378,1.361524774804102,-75.35864304081676,1.8282932108836871,4823.660714285715,2191.481800442428,0.06799624945131741,Colombia,NonLinLoc,Nereidas,earthquake,0.7,ML,6,6,True
84,1,ESG2024vtpb,2024-11-05 13:27:06.200000,4.9,0.42426406871192845,-75.34533333333333,0.42426406871192845,4950.0,800.0,0.05,Colombia,Hypo71,RSNC,earthquake,0.7,ML,6,6,False
83,0,ESG2024vtpe,2024-11-05 13:29:56.598567,4.882480836130805,1.4206770235169253,-75.34370221374475,1.2489554814636414,1832.5892857142853,2255.429557047054,0.14462763058245218,Colombia,NonLinLoc,Nereidas,earthquake,0.58,ML,8,5,True
83,1,ESG2024vtpe,2024-11-05 13:29:56.719999,4.877,0.8485281374238569,-75.342,0.8485281374238569,2350.0,1000.0,0.07,Colombia,Hypo71,RSNC,earthquake,0.58,ML,8,5,False
82,0,ESG2024vtpr,2024-11-05 13:45:32.611271,4.898349770421857,1.0769627869862135,-75.35117176800496,0.9911117922611927,3477.6785714285716,1639.7795937102017,0.09747469219876256,Colombia,NonLinLoc,Nereidas,earthquake,1.24,ML,7,7,True
82,1,ESG2024vtpr,2024-11-05 13:45:32.649999,4.897833333333333,0.4949747468305832,-75.3495,0.4949747468305832,4590.0,800.0,0.07,Colombia,Hypo71,RSNC,earthquake,1.24,ML,7,7,False
81,0,ESG2024vtqx,2024-11-05 14:22:36.959113,4.898713181130813,1.0475247166075552,-75.35095828242352,0.9409708630182516,3627.2321428571427,1482.8920715705467,0.09274700933587524,Colombia,NonLinLoc,Nereidas,earthquake,1.13,ML,8,8,True
81,1,ESG2024vtqx,2024-11-05 14:22:36.899999,4.901333333333334,0.4949747468305832,-75.34283333333333,0.4949747468305832,4310.0,1000.0,0.09,Colombia,Hypo71,RSNC,earthquake,1.13,ML,8,8,False
80,0,ESG2024vtzn,2024-11-05 18:43:13.105236,4.892535199078571,1.6349612068101402,-75.37678681035285,3.585352026519161,5870.535714285715,2540.25081402645,0.01744524479933753,Colombia,NonLinLoc,Nereidas,earthquake,0.44,ML,4,3,True
80,1,ESG2024vtzn,2024-11-05 18:43:13.039999,4.902166666666667,0.42426406871192845,-75.36166666666666,0.42426406871192845,6370.0,400.0,0.02,Colombia,Hypo71,RSNC,earthquake,0.44,ML,4,3,False
79,0,ESG2024vudl,2024-11-05 20:42:21.946265,4.897744085906932,1.0611700435224756,-75.35522748974171,0.9596166571810192,4225.446428571428,1261.4519596087782,0.0939082743523215,Colombia,NonLinLoc,Nereidas,earthquake,1.22,ML,8,8,True
79,1,ESG2024vudl,2024-11-05 20:42:21.920000,4.897833333333333,0.565685424949238,-75.35266666666666,0.565685424949238,5820.0,700.0,0.06,Colombia,Hypo71,RSNC,earthquake,1.22,ML,8,8,False
78,0,ESG2024vudo,2024-11-05 20:46:05.913437,4.892656335981556,1.4075358307014203,-75.35864313948845,2.307476112120038,5421.875,2193.6207798578694,0.05849684112686578,Colombia,NonLinLoc,Nereidas,earthquake,0.71,ML,6,5,True
78,1,ESG2024vudo,2024-11-05 20:46:05.889999,4.898333333333333,0.7778174593052023,-75.3505,0.7778174593052023,6290.0,1000.0,0.05,Colombia,Hypo71,RSNC,earthquake,0.71,ML,6,5,False
77,0,ESG2024vudy,2024-11-05 20:57:46.867098,4.888658818183046,2.0033971914738555,-75.36227212220479,3.011725111176996,5272.321428571428,3049.894547725272,0.04522817699088532,Colombia,NonLinLoc,Nereidas,earthquake,0.62,ML,5,4,True
77,1,ESG2024vudy,2024-11-05 20:57:46.820000,4.897833333333333,0.4949747468305832,-75.34466666666667,0.4949747468305832,4860.0,1000.0,0.04,Colombia,Hypo71,RSNC,earthquake,0.62,ML,5,4,False
76,0,ESG2024vuea,2024-11-05 21:00:18.420038,4.893383157399467,1.289203516945941,-75.36077764140693,2.128591906680135,4225.446428571428,2411.356070409106,0.08608181800831388,Colombia,NonLinLoc,Nereidas,earthquake,0.42,ML,5,5,True
76,1,ESG2024vuea,2024-11-05 21:00:18.370000,4.898833333333333,0.7778174593052023,-75.35283333333334,0.7778174593052023,4970.0,1300.0,0.07,Colombia,Hypo71,RSNC,earthquake,0.42,ML,5,5,False
75,0,ESG2024vufq,2024-11-05 21:49:08.510063,4.895563621653199,1.4906831774589522,-75.34839706272247,2.0769943945182,2131.6964285714284,3165.5532114429075,0.0399577161403799,Colombia,NonLinLoc,Nereidas,earthquake,0.5,ML,5,4,True
75,1,ESG2024vufq,2024-11-05 21:49:08.470000,4.902166666666667,0.4949747468305832,-75.33783333333334,0.4949747468305832,2150.0,1000.0,0.03,Colombia,Hypo71,RSNC,earthquake,0.5,ML,5,4,False
74,0,ESG2024vulg,2024-11-06 00:39:32.858685,4.896411579974095,1.0809649842664741,-75.35287957006102,1.0071956424985464,3477.6785714285716,1619.5264028869833,0.09298223799248344,Colombia,NonLinLoc,Nereidas,earthquake,1.23,ML,7,7,False
74,1,ESG2024vulg,2024-11-06 00:39:32.769082,4.893504294302452,1.073028964841151,-75.34861068923973,0.9439865465224809,3477.6785714285716,1570.3573836183155,0.0873710484763853,Colombia,NonLinLoc,Nereidas,earthquake,1.23,ML,8,8,True
74,2,ESG2024vulg,2024-11-06 00:39:32.880000,4.898,0.565685424949238,-75.34316666666666,0.565685424949238,3310.0,800.0,0.07,Colombia,Hypo71,RSNC,earthquake,1.23,ML,7,7,False
74,3,ESG2024vulg,2024-11-06 00:39:32.750000,4.897833333333333,0.4949747468305832,-75.33816666666667,0.4949747468305832,3350.0,800.0,0.07,Colombia,Hypo71,RSNC,earthquake,1.23,ML,8,8,False
73,0,ESG2024vusk,2024-11-06 04:16:48.603026,4.897865222809917,1.3493176496207937,-75.35800241611166,1.9920937314883367,3477.6785714285716,2735.2268256166035,0.12031340486420676,Colombia,NonLinLoc,Nereidas,earthquake,0.56,ML,5,5,True
73,1,ESG2024vusk,2024-11-06 04:16:48.549999,4.904666666666667,1.626345596729059,-75.34666666666666,1.626345596729059,3380.0,2300.0,0.11,Colombia,Hypo71,RSNC,earthquake,0.56,ML,5,5,False
72,0,ESG2024vwsd,2024-11-07 06:24:26.965734,4.924030793854707,0.9987885115992203,-75.35885446816471,0.7801196836299042,5272.321428571428,890.3365408147844,0.145870080347811,Colombia,NonLinLoc,Nereidas,earthquake,1.17,ML,10,10,False
72,1,ESG2024vwsd,2024-11-07 06:24:26.933756,4.924636478369632,1.3820382141567882,-75.36205640386761,1.1288307684984646,5720.982142857142,1370.6858961871606,0.1511260411448812,Colombia,NonLinLoc,Nereidas,earthquake,1.17,ML,9,9,True
72,2,ESG2024vwsd,2024-11-07 06:24:26.949999,4.935833333333333,0.7071067811865475,-75.35283333333334,0.7071067811865475,5690.0,900.0,0.12,Colombia,Hypo71,RSNC,earthquake,1.17,ML,10,10,False
72,3,ESG2024vwsd,2024-11-07 06:24:26.800000,4.933666666666666,0.9192388155425117,-75.3595,0.9192388155425117,8220.0,1000.0,0.8750556268423104,Colombia,Hypo71,RSNC,earthquake,1.17,ML,9,9,False
72,4,ESG2024vwsd,2024-11-07 06:24:26.859999,4.941,0.8485281374238569,-75.34933333333333,0.8485281374238569,5200.0,1300.0,0.14,Colombia,Hypo71,RSNC,earthquake,1.17,ML,9,9,False
70,0,ESG2024vwuj,2024-11-07 07:31:46.564502,4.90925209169052,2.1498865485749623,-75.37550536661398,1.6578343459466673,9160.714285714284,1539.7585225081282,0.11135965993926583,Colombia,NonLinLoc,Nereidas,earthquake,0.6,MLv,5,5,False
70,1,ESG2024vwuj,2024-11-07 07:31:46.564502,4.90925209169052,2.1498865485749623,-75.37550536661398,1.6578343459466673,9160.714285714284,1539.7585225081282,0.11135965993926583,Colombia,NonLinLoc,Nereidas,earthquake,0.6,MLv,5,5,False
70,2,ESG2024vwuj,2024-11-07 07:31:46.554271,4.917489401093509,1.946953891683459,-75.3712357569189,1.5510898244083635,8562.5,1412.4927921755743,0.11520052966101976,Colombia,NonLinLoc,Nereidas,earthquake,0.6,MLv,5,5,True
70,3,ESG2024vwuj,2024-11-07 07:31:46.469999,4.913666666666667,1.34350288425444,-75.37433333333334,1.34350288425444,11160.0,1000.0,0.1,Colombia,Hypo71,RSNC,earthquake,0.6,MLv,5,5,False
70,4,ESG2024vwuj,2024-11-07 07:31:46.859999,4.903666666666666,0.9192388155425117,-75.40616666666666,0.9192388155425117,10190.0,600.0,0.09,Colombia,Hypo71,RSNC,earthquake,0.6,MLv,6,6,False
70,5,ESG2024vwuj,2024-11-07 07:31:46.509999,4.9175,1.5556349186104046,-75.37816666666667,1.5556349186104046,10720.0,1000.0,0.09,Colombia,Hypo71,RSNC,earthquake,0.6,MLv,5,5,False
67,0,ESG2024vydy,2024-11-08 01:30:13.759987,4.935175388929339,1.4305546939153575,-75.3383607323956,1.2499817285149122,4075.892857142858,2623.014016515647,0.239002873510457,Colombia,NonLinLoc,Nereidas,earthquake,0.62,ML,5,5,True
67,1,ESG2024vydy,2024-11-08 01:30:14.310000,4.930166666666667,0.6363961030678927,-75.34116666666667,0.6363961030678927,3740.0,300.0,0.08,Colombia,Hypo71,RSNC,earthquake,0.62,ML,5,5,False
66,0,ESG2024vyfw,2024-11-08 02:29:02.928327,4.917731674899479,1.3731504130848375,-75.35117023136932,1.3073729398165375,4674.107142857142,1769.5083136465378,0.08699443523149997,Colombia,NonLinLoc,Nereidas,earthquake,0.6,ML,4,4,True
66,1,ESG2024vyfw,2024-11-08 02:29:02.990000,4.926333333333333,0.7071067811865475,-75.3575,0.7071067811865475,6290.0,900.0,0.04,Colombia,Hypo71,RSNC,earthquake,0.6,ML,4,4,False
63,0,ESG2024vyrf,2024-11-08 08:12:39.649533,4.924273067660677,1.4447015209462413,-75.35245050142237,1.477002494520805,4973.214285714285,1763.536703737263,0.08704913370379898,Colombia,NonLinLoc,Nereidas,earthquake,0.42,ML,5,5,True
63,1,ESG2024vyrf,2024-11-08 08:12:39.539999,4.9385,0.7778174593052023,-75.33733333333333,0.7778174593052023,4230.0,3000.0,0.09,Colombia,Hypo71,RSNC,earthquake,0.42,ML,5,5,False
60,0,ESG2024vzdf,2024-11-08 14:16:57.436109,4.923061698630826,1.446310932106034,-75.35458524164102,1.8946206558149172,5272.321428571428,2425.467370931067,0.08320671797131865,Colombia,NonLinLoc,Nereidas,earthquake,1.01,ML,6,6,True
60,1,ESG2024vzdf,2024-11-08 14:16:57.340000,4.938833333333333,0.7071067811865475,-75.34366666666666,0.7071067811865475,5240.0,1400.0,0.08,Colombia,Hypo71,RSNC,earthquake,1.01,ML,6,6,False
57,0,ESG2024waeg,2024-11-09 03:55:46.880127,4.853892527026312,1.157473843762194,-75.34711986042703,1.2647065472165793,1832.5892857142853,1637.9173194284485,0.06825363990831584,Colombia,NonLinLoc,Nereidas,earthquake,0.68,ML,9,5,True
57,1,ESG2024waeg,2024-11-09 03:55:46.869999,4.846833333333334,0.4949747468305832,-75.33283333333333,0.4949747468305832,920.0,600.0,0.06,Colombia,Hypo71,RSNC,earthquake,0.68,ML,9,5,False
52,0,ESG2024wcid,2024-11-10 08:09:59.218030,4.894352252623348,1.4115662427431634,-75.33516292660781,1.1351727469569584,1832.5892857142853,2274.431859750752,0.08890314619792102,Colombia,NonLinLoc,Nereidas,earthquake,0.96,ML,5,5,True
52,1,ESG2024wcid,2024-11-10 08:09:59.130000,4.909166666666667,0.9899494936611664,-75.338,0.9899494936611664,4140.0,2000.0,0.09,Colombia,Hypo71,RSNC,earthquake,0.96,ML,5,5,False
51,0,ESG2024wcjs,2024-11-10 08:58:36.279210,4.894231115720363,1.1785038794281517,-75.33879168080713,1.009197960899829,3776.785714285714,1799.2076674614264,0.07507589404472961,Colombia,NonLinLoc,Nereidas,earthquake,0.75,ML,7,7,True
51,1,ESG2024wcjs,2024-11-10 08:58:36.170000,4.900833333333333,0.4949747468305832,-75.32433333333333,0.4949747468305832,3500.0,200.0,0.08,Colombia,Hypo71,RSNC,earthquake,0.75,ML,7,7,False
48,0,ESG2024wdmi,2024-11-10 23:25:34.556247,4.832935842809883,0.6626585496726959,-75.41606144236742,1.059897752433801,486.6071428571427,1397.224745680091,0.07971160946700463,Colombia,NonLinLoc,Nereidas,earthquake,0.83,ML,7,7,False
48,1,ESG2024wdmi,2024-11-10 23:25:34.589339,4.835721991578541,0.5834941103223006,-75.40987182322462,0.656812112796378,935.267857142857,762.973930077266,0.08996396041576213,Colombia,NonLinLoc,Nereidas,earthquake,0.83,ML,8,8,True
48,2,ESG2024wdmi,2024-11-10 23:25:34.530000,4.8235,0.35355339059327373,-75.41516666666666,0.35355339059327373,790.0,400.0,0.06,Colombia,Hypo71,RSNC,earthquake,0.83,ML,7,7,False
48,3,ESG2024wdmi,2024-11-10 23:25:34.560000,4.827166666666667,0.282842712474619,-75.40916666666666,0.282842712474619,1380.0,300.0,0.07,Colombia,Hypo71,RSNC,earthquake,0.83,ML,8,8,False
45,0,ESG2024wdwi,2024-11-11 04:28:36.903725,4.898713181130813,1.0566253601395916,-75.36675408754984,1.5521037877059014,1832.5892857142853,1320.761413172077,0.06890796593448835,Colombia,NonLinLoc,Nereidas,earthquake,0.11,ML,4,3,True
45,1,ESG2024wdwi,2024-11-11 04:28:36.859999,4.906333333333333,0.7071067811865475,-75.36133333333333,0.7071067811865475,2300.0,500.0,0.06,Colombia,Hypo71,RSNC,earthquake,0.11,ML,4,3,False
43,0,ESG2024wdxc,2024-11-11 04:52:23.125945,4.901378192996486,0.6763880702535893,-75.37443841512746,0.6595248454477657,1832.5892857142853,668.6751909186471,0.08770458138121114,Colombia,NonLinLoc,Nereidas,earthquake,0.9,ML,10,9,True
43,1,ESG2024wdxc,2024-11-11 04:52:23.109999,4.908666666666667,0.282842712474619,-75.36716666666666,0.282842712474619,2030.0,300.0,0.07,Colombia,Hypo71,RSNC,earthquake,0.9,ML,10,9,False
41,0,ESG2024wdzn,2024-11-11 06:05:12.635200,4.901196487642008,0.6194366820110717,-75.37667972818713,0.6180457848865673,1907.366071428571,653.2313679904271,0.08607262200604368,Colombia,NonLinLoc,Nereidas,earthquake,1.12,ML,11,10,False
41,1,ESG2024wdzn,2024-11-11 06:05:12.640714,4.902831835832307,0.6189718910599674,-75.37699984834983,0.6194416835959766,1832.5892857142853,655.0057897337152,0.10633038109580398,Colombia,NonLinLoc,Nereidas,earthquake,1.12,ML,11,10,True
41,2,ESG2024wdzn,2024-11-11 06:05:12.609999,4.908333333333333,0.282842712474619,-75.36983333333333,0.282842712474619,2180.0,300.0,0.07,Colombia,Hypo71,RSNC,earthquake,1.12,ML,11,10,False
41,3,ESG2024wdzn,2024-11-11 06:05:12.619999,4.909166666666667,0.35355339059327373,-75.37133333333334,0.35355339059327373,2190.0,300.0,0.09,Colombia,Hypo71,RSNC,earthquake,1.12,ML,11,10,False
40,0,ESG2024wdzo,2024-11-11 06:05:23.080995,4.905860258406936,0.8064553730402263,-75.38319003976058,0.808114625562923,-1008.9285714285717,1108.7805236275017,0.36300026598853014,Colombia,NonLinLoc,Nereidas,earthquake,0.42,ML,6,5,True
40,1,ESG2024wdzo,2024-11-11 06:05:22.739999,4.915333333333333,1.4849242404917498,-75.3675,1.4849242404917498,0.0,2000.0,0.27,Colombia,Hypo71,RSNC,earthquake,0.42,ML,6,5,False
39,0,ESG2024wdzp,2024-11-11 06:05:40.135816,4.902044445962904,0.6974887864346316,-75.3741181987423,0.6552568642674232,1907.366071428571,722.3223642004548,0.1214090915586446,Colombia,NonLinLoc,Nereidas,earthquake,0.44,ML,9,9,True
39,1,ESG2024wdzp,2024-11-11 06:05:40.130000,4.909166666666667,0.42426406871192845,-75.36816666666667,0.42426406871192845,2140.0,400.0,0.1,Colombia,Hypo71,RSNC,earthquake,0.44,ML,9,9,False
38,0,ESG2024wdzq,2024-11-11 06:05:48.880516,4.902226151317381,0.6138008196666422,-75.37507875136207,0.5467519293984593,1683.035714285714,644.2272963155826,0.12334349518299074,Colombia,NonLinLoc,Nereidas,earthquake,1.09,ML,11,11,True
38,1,ESG2024wdzq,2024-11-11 06:05:48.869999,4.907833333333333,0.35355339059327373,-75.3715,0.35355339059327373,2180.0,300.0,0.09,Colombia,Hypo71,RSNC,earthquake,1.09,ML,11,11,False
38,2,ESG2024wdzq,2024-11-11 06:05:48.869999,4.907833333333333,0.35355339059327373,-75.3715,0.35355339059327373,2180.0,300.0,0.09,Colombia,Hypo71,RSNC,earthquake,1.09,ML,11,11,False
37,0,ESG2024wdzr,2024-11-11 06:08:55.724457,4.902831835832307,0.8981731652712215,-75.37956134605024,1.086386679112194,636.1607142857142,1216.8587765498053,0.14416835176700318,Colombia,NonLinLoc,Nereidas,earthquake,0.19,ML,4,4,True
37,1,ESG2024wdzr,2024-11-11 06:08:55.640000,4.914333333333333,1.0606601717798212,-75.375,1.0606601717798212,940.0,1300.0,0.13,Colombia,Hypo71,RSNC,earthquake,0.19,ML,4,4,False
36,0,ESG2024webo,2024-11-11 07:06:43.922960,4.895442484750214,0.931336517500785,-75.37337139930183,1.8441195367733088,1683.035714285714,1559.8584010986883,0.06463622218348045,Colombia,NonLinLoc,Nereidas,earthquake,0.3,ML,4,3,True
36,1,ESG2024webo,2024-11-11 07:06:43.950000,4.901666666666666,0.6363961030678927,-75.368,0.6363961030678927,1940.0,500.0,0.05,Colombia,Hypo71,RSNC,earthquake,0.3,ML,4,3,False
35,0,ESG2024weer,2024-11-11 08:41:17.810477,4.902952972735293,1.4583698782785288,-75.45832741017827,2.309917155876829,7366.071428571428,1637.781770183491,0.0472719591586603,Colombia,NonLinLoc,Nereidas,earthquake,0.42,ML,5,5,True
35,1,ESG2024weer,2024-11-11 08:41:17.760000,4.912666666666667,0.42426406871192845,-75.46983333333333,0.42426406871192845,8120.0,400.0,0.03,Colombia,Hypo71,RSNC,earthquake,0.42,ML,5,5,False
29,0,ESG2024wflx,2024-11-12 01:29:13.767032,4.876787401690503,0.8413268707525298,-75.4600328891335,0.9519567142546024,2580.3571428571427,956.737332746215,0.14179451011562752,Colombia,NonLinLoc,Nereidas,earthquake,0.08,ML,6,5,True
29,1,ESG2024wflx,2024-11-12 01:29:13.630000,4.877,0.6363961030678927,-75.45816666666667,0.6363961030678927,4540.0,700.0,0.09,Colombia,Hypo71,RSNC,earthquake,0.08,ML,6,5,False
21,0,ESG2024wgzx,2024-11-12 21:41:56.596395,4.883328794451701,0.7505299328951683,-75.32812014714929,0.7362596589195741,-1308.0357142857144,1453.41735549915,0.16657196228095905,Colombia,NonLinLoc,Nereidas,earthquake,0.56,ML,8,8,True
21,1,ESG2024wgzx,2024-11-12 21:41:56.689999,4.882,0.7071067811865475,-75.33283333333333,0.7071067811865475,1130.0,1200.0,0.11,Colombia,Hypo71,RSNC,earthquake,0.56,ML,8,8,False
17,0,ESG2024wioy,2024-11-13 18:25:07.294817,4.891202693145734,0.9987545278830269,-75.351385787519,1.5009234723580585,1832.5892857142853,2070.452705402339,0.09589282576292067,Colombia,NonLinLoc,Nereidas,earthquake,0.39,ML,4,4,True
17,1,ESG2024wioy,2024-11-13 18:25:07.150000,4.897666666666667,0.9192388155425117,-75.3385,0.9192388155425117,2140.0,1400.0,0.08,Colombia,Hypo71,RSNC,earthquake,0.39,ML,4,4,False
14,0,ESG2024witu,2024-11-13 20:52:51.450012,4.898834318033798,0.7520636891089042,-75.33751049032239,0.7668822859591169,-111.60714285714296,1606.5449789927882,0.1567476424658934,Colombia,NonLinLoc,Nereidas,earthquake,1.03,ML,9,9,True
14,1,ESG2024witu,2024-11-13 20:52:51.420000,4.906,0.7778174593052023,-75.32466666666667,0.7778174593052023,-1250.0,2700.0,0.16,Colombia,Hypo71,RSNC,earthquake,1.03,ML,9,9,False
5,0,ESG2024wlvz,2024-11-15 13:23:20.236703,4.949590680384571,1.585554691909621,-75.49739680466406,1.2084629155180546,6917.410714285715,1631.099351133278,0.08242262636770555,Colombia,NonLinLoc,Nereidas,earthquake,0.69,ML,9,8,True
5,1,ESG2024wlvz,2024-11-15 13:23:20.160000,4.967833333333333,0.7071067811865475,-75.515,0.7071067811865475,5430.0,2100.0,0.08,Colombia,Hypo71,RSNC,earthquake,0.69,ML,9,8,False
4,0,ESG2024wlzn,2024-11-15 15:10:13.006763,4.860312782884524,0.5497380160090366,-75.3678234456279,0.8559010178544332,187.5,976.9161253884647,0.11180509837033069,Colombia,NonLinLoc,Nereidas,earthquake,0.5,ML,7,7,True
4,1,ESG2024wlzn,2024-11-15 15:10:12.939999,4.857666666666667,0.4949747468305832,-75.35616666666667,0.4949747468305832,100.0,600.0,0.09,Colombia,Hypo71,RSNC,earthquake,0.5,ML,7,7,False
2,0,ESG2024wmai,2024-11-15 15:34:57.025995,4.899440002548724,0.5767165509297906,-75.39279580806702,0.5096881557203564,935.267857142857,642.7436617085539,0.0769251558332932,Colombia,NonLinLoc,Nereidas,earthquake,0.72,ML,9,9,True
2,1,ESG2024wmai,2024-11-15 15:34:57.020000,4.905666666666667,0.21213203435596423,-75.38966666666667,0.21213203435596423,1290.0,200.0,0.06,Colombia,Hypo71,RSNC,earthquake,0.72,ML,9,9,False
1,0,ESG2024wmfm,2024-11-15 18:11:18.483430,4.834874033257646,0.6826247408439119,-75.36398295206881,1.037956724098467,1084.8214285714284,1320.9916089523772,0.06771994889351217,Colombia,NonLinLoc,Nereidas,earthquake,1.04,ML,7,7,True
1,1,ESG2024wmfm,2024-11-15 18:11:18.449999,4.825833333333334,0.282842712474619,-75.35433333333333,0.282842712474619,840.0,400.0,0.05,Colombia,Hypo71,RSNC,earthquake,1.04,ML,7,7,False
0,0,ESG2024wmnp,2024-11-15 22:17:43.974932,4.898773749582306,0.5166792267501112,-75.39290254772686,0.4282208119412156,860.4910714285713,576.035179975753,0.07033584713920235,Colombia,NonLinLoc,Nereidas,earthquake,1.5,ML,11,11,True
0,1,ESG2024wmnp,2024-11-15 22:17:43.969999,4.905166666666666,0.1414213562373095,-75.38883333333334,0.1414213562373095,1210.0,200.0,0.06,Colombia,Hypo71,RSNC,earthquake,1.5,ML,11,11,False
